desc_vehicle,purchase_value,id_customer
GM-S10 CABINE SIMPLES,175555,customer_59
HILUX CS DSL 4X4,262854,customer_39
MITSUBISHI-L200 TRITON GL 2.4 D 4X4 MT CD,201850,customer_51
TOYOTA-HILUX CS 4X4,172298,customer_26
MITSUBISHI-L200 TRITON GL 2.4 D 4X4 MT CD,201850,customer_89
GM-S10 CABINE SIMPLES,175555,customer_7
TOYOTA-HILUX CD 4X4 STANDART,162366,customer_14
MITSUBISHI-L200 TRITON GL 2.4 D 4X4 MT CD,201850,customer_45
TOYOTA-HILUX CD 4X4 STANDART,162366,customer_79
GM-S10 CABINE SIMPLES,175555,customer_42
GM-S10 CABINE SIMPLES,175555,customer_75
GM-S10 CABINE SIMPLES,175555,customer_57
TOYOTA-HILUX CS 4X4,172298,customer_56
MITSUBISHI-L200 TRITON GL 2.4 D 4X4 MT CD,201850,customer_32
HILUX CS DSL 4X4,262854,customer_42
TOYOTA-HILUX CD 4X4 STANDART,162366,customer_9
GM-S10 CABINE SIMPLES,175555,customer_49
HILUX CS DSL 4X4,262854,customer_89
MITSUBISHI-L200 TRITON GL 2.4 D 4X4 MT CD,201850,customer_26
TOYOTA-HILUX CS 4X4,172298,customer_70
GM-S10 CABINE SIMPLES,175555,customer_28
TOYOTA-HILUX CS 4X4,172298,customer_32
GM-S10 CABINE SIMPLES,175555,customer_35
TOYOTA-HILUX CD 4X4 STANDART,162366,customer_12
GM-S10 CABINE SIMPLES,175555,customer_59
GM-S10 CABINE SIMPLES,175555,customer_38
TOYOTA-HILUX CS 4X4,172298,customer_17
TOYOTA-HILUX CS 4X4,172298,customer_48
MITSUBISHI-L200 TRITON GL 2.4 D 4X4 MT CD,201850,customer_82
GM-S10 CABINE SIMPLES,175555,customer_58
TOYOTA-HILUX CS 4X4,172298,customer_65
GM-S10 CABINE SIMPLES,175555,customer_56
MITSUBISHI-L200 TRITON GL 2.4 D 4X4 MT CD,201850,customer_81
TOYOTA-HILUX CS 4X4,172298,customer_65
HILUX CS DSL 4X4,262854,customer_45
TOYOTA-HILUX CS 4X4,172298,customer_9
TOYOTA-HILUX CD 4X4 STANDART,162366,customer_100
TOYOTA-HILUX CS 4X4,172298,customer_16
TOYOTA-HILUX CD 4X4 STANDART,162366,customer_89
TOYOTA-HILUX CS 4X4,172298,customer_80
TOYOTA-HILUX CD 4X4 STANDART,162366,customer_51
TOYOTA-HILUX CD 4X4 STANDART,162366,customer_18
TOYOTA-HILUX CS 4X4,172298,customer_97
GM-S10 CABINE SIMPLES,175555,customer_80
GM-S10 CABINE SIMPLES,175555,customer_44
GM-S10 CABINE SIMPLES,175555,customer_43
HILUX CS DSL 4X4,262854,customer_31
MITSUBISHI-L200 TRITON GL 2.4 D 4X4 MT CD,201850,customer_80
MITSUBISHI-L200 TRITON GL 2.4 D 4X4 MT CD,201850,customer_61
MITSUBISHI-L200 TRITON GL 2.4 D 4X4 MT CD,201850,customer_2
MITSUBISHI-L200 TRITON GL 2.4 D 4X4 MT CD,201850,customer_37
TOYOTA-HILUX CS 4X4,172298,customer_89
TOYOTA-HILUX CS 4X4,172298,customer_77
GM-S10 CABINE SIMPLES,175555,customer_92
MITSUBISHI-L200 TRITON GL 2.4 D 4X4 MT CD,201850,customer_93
TOYOTA-HILUX CS 4X4,172298,customer_37
TOYOTA-HILUX CD 4X4 STANDART,162366,customer_15
GM-S10 CABINE SIMPLES,175555,customer_12
MITSUBISHI-L200 TRITON GL 2.4 D 4X4 MT CD,201850,customer_46
TOYOTA-HILUX CS 4X4,172298,customer_20
MITSUBISHI-L200 TRITON GL 2.4 D 4X4 MT CD,201850,customer_45
GM-S10 CABINE SIMPLES,175555,customer_82
HILUX CS DSL 4X4,262854,customer_14
MITSUBISHI-L200 TRITON GL 2.4 D 4X4 MT CD,201850,customer_97
TOYOTA-HILUX CS 4X4,172298,customer_18
MITSUBISHI-L200 TRITON GL 2.4 D 4X4 MT CD,201850,customer_44
TOYOTA-HILUX CS 4X4,172298,customer_96
MITSUBISHI-L200 TRITON GL 2.4 D 4X4 MT CD,201850,customer_65
TOYOTA-HILUX CS 4X4,172298,customer_13
GM-S10 CABINE SIMPLES,175555,customer_57
TOYOTA-HILUX CS 4X4,172298,customer_76
TOYOTA-HILUX CS 4X4,172298,customer_89
TOYOTA-HILUX CS 4X4,172298,customer_59
TOYOTA-HILUX CD 4X4 STANDART,162366,customer_77
MITSUBISHI-L200 TRITON GL 2.4 D 4X4 MT CD,201850,customer_23
HILUX CS DSL 4X4,262854,customer_88
HILUX CS DSL 4X4,262854,customer_50
HILUX CS DSL 4X4,262854,customer_10
TOYOTA-HILUX CS 4X4,172298,customer_70
MITSUBISHI-L200 TRITON GL 2.4 D 4X4 MT CD,201850,customer_59
MITSUBISHI-L200 TRITON GL 2.4 D 4X4 MT CD,201850,customer_66
TOYOTA-HILUX CS 4X4,172298,customer_58
MITSUBISHI-L200 TRITON GL 2.4 D 4X4 MT CD,201850,customer_56
GM-S10 CABINE SIMPLES,175555,customer_48
TOYOTA-HILUX CS 4X4,172298,customer_79
MITSUBISHI-L200 TRITON GL 2.4 D 4X4 MT CD,201850,customer_98
MITSUBISHI-L200 TRITON GL 2.4 D 4X4 MT CD,201850,customer_100
TOYOTA-HILUX CS 4X4,172298,customer_83
HILUX CS DSL 4X4,262854,customer_55
HILUX CS DSL 4X4,262854,customer_46
TOYOTA-HILUX CS 4X4,172298,customer_100
GM-S10 CABINE SIMPLES,175555,customer_10
TOYOTA-HILUX CD 4X4 STANDART,162366,customer_32
MITSUBISHI-L200 TRITON GL 2.4 D 4X4 MT CD,201850,customer_61
GM-S10 CABINE SIMPLES,175555,customer_70
TOYOTA-HILUX CS 4X4,172298,customer_1
GM-S10 CABINE SIMPLES,175555,customer_4
HILUX CS DSL 4X4,262854,customer_98
GM-S10 CABINE SIMPLES,175555,customer_98
HILUX CS DSL 4X4,262854,customer_73
GM-S10 CABINE SIMPLES,175555,customer_7
TOYOTA-HILUX CS 4X4,172298,customer_99
TOYOTA-HILUX CS 4X4,172298,customer_98
TOYOTA-HILUX CS 4X4,172298,customer_48
TOYOTA-HILUX CS 4X4,172298,customer_29
GM-S10 CABINE SIMPLES,175555,customer_1
HILUX CS DSL 4X4,262854,customer_16
GM-S10 CABINE SIMPLES,175555,customer_27
HILUX CS DSL 4X4,262854,customer_67
GM-S10 CABINE SIMPLES,175555,customer_66
GM-S10 CABINE SIMPLES,175555,customer_36
HILUX CS DSL 4X4,262854,customer_42
TOYOTA-HILUX CS 4X4,172298,customer_70
MITSUBISHI-L200 TRITON GL 2.4 D 4X4 MT CD,201850,customer_37
MITSUBISHI-L200 TRITON GL 2.4 D 4X4 MT CD,201850,customer_23
TOYOTA-HILUX CS 4X4,172298,customer_9
HILUX CS DSL 4X4,262854,customer_52
MITSUBISHI-L200 TRITON GL 2.4 D 4X4 MT CD,201850,customer_34
GM-S10 CABINE SIMPLES,175555,customer_49
GM-S10 CABINE SIMPLES,175555,customer_97
GM-S10 CABINE SIMPLES,175555,customer_49
TOYOTA-HILUX CS 4X4,172298,customer_30
HILUX CS DSL 4X4,262854,customer_37
MITSUBISHI-L200 TRITON GL 2.4 D 4X4 MT CD,201850,customer_15
HILUX CS DSL 4X4,262854,customer_97
TOYOTA-HILUX CD 4X4 STANDART,162366,customer_23
TOYOTA-HILUX CD 4X4 STANDART,162366,customer_83
TOYOTA-HILUX CS 4X4,172298,customer_81
MITSUBISHI-L200 TRITON GL 2.4 D 4X4 MT CD,201850,customer_42
MITSUBISHI-L200 TRITON GL 2.4 D 4X4 MT CD,201850,customer_52
TOYOTA-HILUX CS 4X4,172298,customer_70
TOYOTA-HILUX CD 4X4 STANDART,162366,customer_51
GM-S10 CABINE SIMPLES,175555,customer_85
TOYOTA-HILUX CD 4X4 STANDART,162366,customer_22
TOYOTA-HILUX CS 4X4,172298,customer_72
TOYOTA-HILUX CS 4X4,172298,customer_95
HILUX CS DSL 4X4,262854,customer_58
GM-S10 CABINE SIMPLES,175555,customer_66
HILUX CS DSL 4X4,262854,customer_93
HILUX CS DSL 4X4,262854,customer_13
HILUX CS DSL 4X4,262854,customer_19
MITSUBISHI-L200 TRITON GL 2.4 D 4X4 MT CD,201850,customer_28
TOYOTA-HILUX CD 4X4 STANDART,162366,customer_75
MITSUBISHI-L200 TRITON GL 2.4 D 4X4 MT CD,201850,customer_1
MITSUBISHI-L200 TRITON GL 2.4 D 4X4 MT CD,201850,customer_84
MITSUBISHI-L200 TRITON GL 2.4 D 4X4 MT CD,201850,customer_97
HILUX CS DSL 4X4,262854,customer_65
GM-S10 CABINE SIMPLES,175555,customer_95
TOYOTA-HILUX CS 4X4,172298,customer_9
TOYOTA-HILUX CD 4X4 STANDART,162366,customer_4
TOYOTA-HILUX CS 4X4,172298,customer_71
GM-S10 CABINE SIMPLES,175555,customer_55
TOYOTA-HILUX CS 4X4,172298,customer_2
TOYOTA-HILUX CD 4X4 STANDART,162366,customer_55
TOYOTA-HILUX CS 4X4,172298,customer_92
TOYOTA-HILUX CD 4X4 STANDART,162366,customer_74
MITSUBISHI-L200 TRITON GL 2.4 D 4X4 MT CD,201850,customer_37
HILUX CS DSL 4X4,262854,customer_91
GM-S10 CABINE SIMPLES,175555,customer_82
MITSUBISHI-L200 TRITON GL 2.4 D 4X4 MT CD,201850,customer_96
TOYOTA-HILUX CS 4X4,172298,customer_23
TOYOTA-HILUX CS 4X4,172298,customer_31
GM-S10 CABINE SIMPLES,175555,customer_88
HILUX CS DSL 4X4,262854,customer_10
GM-S10 CABINE SIMPLES,175555,customer_95
TOYOTA-HILUX CD 4X4 STANDART,162366,customer_71
TOYOTA-HILUX CD 4X4 STANDART,162366,customer_34
GM-S10 CABINE SIMPLES,175555,customer_26
MITSUBISHI-L200 TRITON GL 2.4 D 4X4 MT CD,201850,customer_63
TOYOTA-HILUX CS 4X4,172298,customer_1
TOYOTA-HILUX CD 4X4 STANDART,162366,customer_83
TOYOTA-HILUX CS 4X4,172298,customer_16
MITSUBISHI-L200 TRITON GL 2.4 D 4X4 MT CD,201850,customer_21
HILUX CS DSL 4X4,262854,customer_40
TOYOTA-HILUX CD 4X4 STANDART,162366,customer_3
GM-S10 CABINE SIMPLES,175555,customer_19
GM-S10 CABINE SIMPLES,175555,customer_52
HILUX CS DSL 4X4,262854,customer_6
HILUX CS DSL 4X4,262854,customer_99
GM-S10 CABINE SIMPLES,175555,customer_68
GM-S10 CABINE SIMPLES,175555,customer_95
TOYOTA-HILUX CS 4X4,172298,customer_99
MITSUBISHI-L200 TRITON GL 2.4 D 4X4 MT CD,201850,customer_21
TOYOTA-HILUX CD 4X4 STANDART,162366,customer_19
MITSUBISHI-L200 TRITON GL 2.4 D 4X4 MT CD,201850,customer_34
MITSUBISHI-L200 TRITON GL 2.4 D 4X4 MT CD,201850,customer_4
TOYOTA-HILUX CD 4X4 STANDART,162366,customer_49
TOYOTA-HILUX CD 4X4 STANDART,162366,customer_46
HILUX CS DSL 4X4,262854,customer_21
TOYOTA-HILUX CD 4X4 STANDART,162366,customer_20
TOYOTA-HILUX CD 4X4 STANDART,162366,customer_72
GM-S10 CABINE SIMPLES,175555,customer_49
MITSUBISHI-L200 TRITON GL 2.4 D 4X4 MT CD,201850,customer_23
MITSUBISHI-L200 TRITON GL 2.4 D 4X4 MT CD,201850,customer_20
HILUX CS DSL 4X4,262854,customer_81
TOYOTA-HILUX CD 4X4 STANDART,162366,customer_66
MITSUBISHI-L200 TRITON GL 2.4 D 4X4 MT CD,201850,customer_84
TOYOTA-HILUX CS 4X4,172298,customer_46
MITSUBISHI-L200 TRITON GL 2.4 D 4X4 MT CD,201850,customer_57
GM-S10 CABINE SIMPLES,175555,customer_88
TOYOTA-HILUX CD 4X4 STANDART,162366,customer_47
HILUX CS DSL 4X4,262854,customer_21
TOYOTA-HILUX CS 4X4,172298,customer_49
MITSUBISHI-L200 TRITON GL 2.4 D 4X4 MT CD,201850,customer_55
GM-S10 CABINE SIMPLES,175555,customer_82
GM-S10 CABINE SIMPLES,175555,customer_39
HILUX CS DSL 4X4,262854,customer_84
HILUX CS DSL 4X4,262854,customer_98
TOYOTA-HILUX CS 4X4,172298,customer_95
HILUX CS DSL 4X4,262854,customer_54
GM-S10 CABINE SIMPLES,175555,customer_42
GM-S10 CABINE SIMPLES,175555,customer_52
GM-S10 CABINE SIMPLES,175555,customer_49
HILUX CS DSL 4X4,262854,customer_78
MITSUBISHI-L200 TRITON GL 2.4 D 4X4 MT CD,201850,customer_31
HILUX CS DSL 4X4,262854,customer_42
HILUX CS DSL 4X4,262854,customer_8
GM-S10 CABINE SIMPLES,175555,customer_20
TOYOTA-HILUX CS 4X4,172298,customer_88
HILUX CS DSL 4X4,262854,customer_18
MITSUBISHI-L200 TRITON GL 2.4 D 4X4 MT CD,201850,customer_44
GM-S10 CABINE SIMPLES,175555,customer_62
HILUX CS DSL 4X4,262854,customer_73
TOYOTA-HILUX CD 4X4 STANDART,162366,customer_99
TOYOTA-HILUX CS 4X4,172298,customer_81
GM-S10 CABINE SIMPLES,175555,customer_5
TOYOTA-HILUX CD 4X4 STANDART,162366,customer_42
HILUX CS DSL 4X4,262854,customer_49
HILUX CS DSL 4X4,262854,customer_44
GM-S10 CABINE SIMPLES,175555,customer_14
TOYOTA-HILUX CS 4X4,172298,customer_41
HILUX CS DSL 4X4,262854,customer_86
HILUX CS DSL 4X4,262854,customer_37
TOYOTA-HILUX CD 4X4 STANDART,162366,customer_48
MITSUBISHI-L200 TRITON GL 2.4 D 4X4 MT CD,201850,customer_18
TOYOTA-HILUX CS 4X4,172298,customer_30
GM-S10 CABINE SIMPLES,175555,customer_80
HILUX CS DSL 4X4,262854,customer_30
TOYOTA-HILUX CS 4X4,172298,customer_36
GM-S10 CABINE SIMPLES,175555,customer_94
TOYOTA-HILUX CD 4X4 STANDART,162366,customer_38
GM-S10 CABINE SIMPLES,175555,customer_93
TOYOTA-HILUX CS 4X4,172298,customer_42
TOYOTA-HILUX CS 4X4,172298,customer_84
TOYOTA-HILUX CD 4X4 STANDART,162366,customer_39
GM-S10 CABINE SIMPLES,175555,customer_42
TOYOTA-HILUX CD 4X4 STANDART,162366,customer_16
HILUX CS DSL 4X4,262854,customer_62
MITSUBISHI-L200 TRITON GL 2.4 D 4X4 MT CD,201850,customer_22
TOYOTA-HILUX CD 4X4 STANDART,162366,customer_15
MITSUBISHI-L200 TRITON GL 2.4 D 4X4 MT CD,201850,customer_12
HILUX CS DSL 4X4,262854,customer_17
TOYOTA-HILUX CS 4X4,172298,customer_59
GM-S10 CABINE SIMPLES,175555,customer_27
GM-S10 CABINE SIMPLES,175555,customer_24
TOYOTA-HILUX CD 4X4 STANDART,162366,customer_4
TOYOTA-HILUX CD 4X4 STANDART,162366,customer_49
MITSUBISHI-L200 TRITON GL 2.4 D 4X4 MT CD,201850,customer_2
TOYOTA-HILUX CS 4X4,172298,customer_7
TOYOTA-HILUX CD 4X4 STANDART,162366,customer_34
GM-S10 CABINE SIMPLES,175555,customer_49
GM-S10 CABINE SIMPLES,175555,customer_46
GM-S10 CABINE SIMPLES,175555,customer_78
MITSUBISHI-L200 TRITON GL 2.4 D 4X4 MT CD,201850,customer_39
MITSUBISHI-L200 TRITON GL 2.4 D 4X4 MT CD,201850,customer_82
TOYOTA-HILUX CS 4X4,172298,customer_62
HILUX CS DSL 4X4,262854,customer_53
GM-S10 CABINE SIMPLES,175555,customer_83
TOYOTA-HILUX CS 4X4,172298,customer_36
TOYOTA-HILUX CD 4X4 STANDART,162366,customer_11
MITSUBISHI-L200 TRITON GL 2.4 D 4X4 MT CD,201850,customer_78
MITSUBISHI-L200 TRITON GL 2.4 D 4X4 MT CD,201850,customer_36
TOYOTA-HILUX CD 4X4 STANDART,162366,customer_1
MITSUBISHI-L200 TRITON GL 2.4 D 4X4 MT CD,201850,customer_32
GM-S10 CABINE SIMPLES,175555,customer_10
TOYOTA-HILUX CS 4X4,172298,customer_42
TOYOTA-HILUX CD 4X4 STANDART,162366,customer_31
TOYOTA-HILUX CS 4X4,172298,customer_56
MITSUBISHI-L200 TRITON GL 2.4 D 4X4 MT CD,201850,customer_66
MITSUBISHI-L200 TRITON GL 2.4 D 4X4 MT CD,201850,customer_54
GM-S10 CABINE SIMPLES,175555,customer_88
TOYOTA-HILUX CD 4X4 STANDART,162366,customer_33
HILUX CS DSL 4X4,262854,customer_37
TOYOTA-HILUX CD 4X4 STANDART,162366,customer_89
MITSUBISHI-L200 TRITON GL 2.4 D 4X4 MT CD,201850,customer_83
HILUX CS DSL 4X4,262854,customer_29
TOYOTA-HILUX CS 4X4,172298,customer_33
TOYOTA-HILUX CD 4X4 STANDART,162366,customer_54
GM-S10 CABINE SIMPLES,175555,customer_44
MITSUBISHI-L200 TRITON GL 2.4 D 4X4 MT CD,201850,customer_75
TOYOTA-HILUX CS 4X4,172298,customer_58
TOYOTA-HILUX CD 4X4 STANDART,162366,customer_89
TOYOTA-HILUX CD 4X4 STANDART,162366,customer_42
HILUX CS DSL 4X4,262854,customer_92
GM-S10 CABINE SIMPLES,175555,customer_82
HILUX CS DSL 4X4,262854,customer_99
GM-S10 CABINE SIMPLES,175555,customer_2
TOYOTA-HILUX CD 4X4 STANDART,162366,customer_32
GM-S10 CABINE SIMPLES,175555,customer_59
GM-S10 CABINE SIMPLES,175555,customer_13
HILUX CS DSL 4X4,262854,customer_15
TOYOTA-HILUX CS 4X4,172298,customer_37
TOYOTA-HILUX CD 4X4 STANDART,162366,customer_76
MITSUBISHI-L200 TRITON GL 2.4 D 4X4 MT CD,201850,customer_93
GM-S10 CABINE SIMPLES,175555,customer_20
MITSUBISHI-L200 TRITON GL 2.4 D 4X4 MT CD,201850,customer_15
HILUX CS DSL 4X4,262854,customer_9
MITSUBISHI-L200 TRITON GL 2.4 D 4X4 MT CD,201850,customer_15
TOYOTA-HILUX CD 4X4 STANDART,162366,customer_57
GM-S10 CABINE SIMPLES,175555,customer_84
TOYOTA-HILUX CD 4X4 STANDART,162366,customer_67
GM-S10 CABINE SIMPLES,175555,customer_20
TOYOTA-HILUX CD 4X4 STANDART,162366,customer_81
TOYOTA-HILUX CS 4X4,172298,customer_81
TOYOTA-HILUX CD 4X4 STANDART,162366,customer_64
HILUX CS DSL 4X4,262854,customer_4
GM-S10 CABINE SIMPLES,175555,customer_69
GM-S10 CABINE SIMPLES,175555,customer_93
TOYOTA-HILUX CS 4X4,172298,customer_81
TOYOTA-HILUX CD 4X4 STANDART,162366,customer_2
TOYOTA-HILUX CD 4X4 STANDART,162366,customer_79
MITSUBISHI-L200 TRITON GL 2.4 D 4X4 MT CD,201850,customer_17
MITSUBISHI-L200 TRITON GL 2.4 D 4X4 MT CD,201850,customer_100
MITSUBISHI-L200 TRITON GL 2.4 D 4X4 MT CD,201850,customer_74
GM-S10 CABINE SIMPLES,175555,customer_3
TOYOTA-HILUX CD 4X4 STANDART,162366,customer_32
GM-S10 CABINE SIMPLES,175555,customer_24
MITSUBISHI-L200 TRITON GL 2.4 D 4X4 MT CD,201850,customer_98
TOYOTA-HILUX CD 4X4 STANDART,162366,customer_27
MITSUBISHI-L200 TRITON GL 2.4 D 4X4 MT CD,201850,customer_77
HILUX CS DSL 4X4,262854,customer_60
GM-S10 CABINE SIMPLES,175555,customer_50
MITSUBISHI-L200 TRITON GL 2.4 D 4X4 MT CD,201850,customer_51
GM-S10 CABINE SIMPLES,175555,customer_4
TOYOTA-HILUX CS 4X4,172298,customer_23
GM-S10 CABINE SIMPLES,175555,customer_48
MITSUBISHI-L200 TRITON GL 2.4 D 4X4 MT CD,201850,customer_79
GM-S10 CABINE SIMPLES,175555,customer_59
TOYOTA-HILUX CD 4X4 STANDART,162366,customer_19
TOYOTA-HILUX CS 4X4,172298,customer_12
GM-S10 CABINE SIMPLES,175555,customer_22
TOYOTA-HILUX CS 4X4,172298,customer_42
GM-S10 CABINE SIMPLES,175555,customer_29
TOYOTA-HILUX CD 4X4 STANDART,162366,customer_92
TOYOTA-HILUX CD 4X4 STANDART,162366,customer_44
TOYOTA-HILUX CS 4X4,172298,customer_53
HILUX CS DSL 4X4,262854,customer_2
TOYOTA-HILUX CD 4X4 STANDART,162366,customer_57
MITSUBISHI-L200 TRITON GL 2.4 D 4X4 MT CD,201850,customer_49
GM-S10 CABINE SIMPLES,175555,customer_79
TOYOTA-HILUX CS 4X4,172298,customer_78
GM-S10 CABINE SIMPLES,175555,customer_11
TOYOTA-HILUX CD 4X4 STANDART,162366,customer_36
TOYOTA-HILUX CD 4X4 STANDART,162366,customer_18
GM-S10 CABINE SIMPLES,175555,customer_41
TOYOTA-HILUX CS 4X4,172298,customer_30
MITSUBISHI-L200 TRITON GL 2.4 D 4X4 MT CD,201850,customer_93
TOYOTA-HILUX CD 4X4 STANDART,162366,customer_61
MITSUBISHI-L200 TRITON GL 2.4 D 4X4 MT CD,201850,customer_44
HILUX CS DSL 4X4,262854,customer_91
TOYOTA-HILUX CD 4X4 STANDART,162366,customer_75
GM-S10 CABINE SIMPLES,175555,customer_91
TOYOTA-HILUX CS 4X4,172298,customer_89
TOYOTA-HILUX CD 4X4 STANDART,162366,customer_16
TOYOTA-HILUX CS 4X4,172298,customer_60
MITSUBISHI-L200 TRITON GL 2.4 D 4X4 MT CD,201850,customer_9
GM-S10 CABINE SIMPLES,175555,customer_92
GM-S10 CABINE SIMPLES,175555,customer_55
TOYOTA-HILUX CS 4X4,172298,customer_68
TOYOTA-HILUX CS 4X4,172298,customer_63
TOYOTA-HILUX CD 4X4 STANDART,162366,customer_87
GM-S10 CABINE SIMPLES,175555,customer_33
HILUX CS DSL 4X4,262854,customer_26
MITSUBISHI-L200 TRITON GL 2.4 D 4X4 MT CD,201850,customer_41
GM-S10 CABINE SIMPLES,175555,customer_90
MITSUBISHI-L200 TRITON GL 2.4 D 4X4 MT CD,201850,customer_98
HILUX CS DSL 4X4,262854,customer_90
TOYOTA-HILUX CS 4X4,172298,customer_29
HILUX CS DSL 4X4,262854,customer_89
TOYOTA-HILUX CD 4X4 STANDART,162366,customer_81
MITSUBISHI-L200 TRITON GL 2.4 D 4X4 MT CD,201850,customer_17
HILUX CS DSL 4X4,262854,customer_32
TOYOTA-HILUX CS 4X4,172298,customer_41
GM-S10 CABINE SIMPLES,175555,customer_97
TOYOTA-HILUX CS 4X4,172298,customer_96
MITSUBISHI-L200 TRITON GL 2.4 D 4X4 MT CD,201850,customer_62
GM-S10 CABINE SIMPLES,175555,customer_19
MITSUBISHI-L200 TRITON GL 2.4 D 4X4 MT CD,201850,customer_74
GM-S10 CABINE SIMPLES,175555,customer_21
HILUX CS DSL 4X4,262854,customer_92
MITSUBISHI-L200 TRITON GL 2.4 D 4X4 MT CD,201850,customer_52
HILUX CS DSL 4X4,262854,customer_15
GM-S10 CABINE SIMPLES,175555,customer_86
TOYOTA-HILUX CS 4X4,172298,customer_87
HILUX CS DSL 4X4,262854,customer_3
TOYOTA-HILUX CD 4X4 STANDART,162366,customer_43
TOYOTA-HILUX CD 4X4 STANDART,162366,customer_16
TOYOTA-HILUX CS 4X4,172298,customer_56
GM-S10 CABINE SIMPLES,175555,customer_20
GM-S10 CABINE SIMPLES,175555,customer_64
MITSUBISHI-L200 TRITON GL 2.4 D 4X4 MT CD,201850,customer_24
TOYOTA-HILUX CD 4X4 STANDART,162366,customer_29
MITSUBISHI-L200 TRITON GL 2.4 D 4X4 MT CD,201850,customer_40
GM-S10 CABINE SIMPLES,175555,customer_34
TOYOTA-HILUX CS 4X4,172298,customer_54
TOYOTA-HILUX CD 4X4 STANDART,162366,customer_65
HILUX CS DSL 4X4,262854,customer_56
MITSUBISHI-L200 TRITON GL 2.4 D 4X4 MT CD,201850,customer_20
HILUX CS DSL 4X4,262854,customer_11
TOYOTA-HILUX CD 4X4 STANDART,162366,customer_69
TOYOTA-HILUX CD 4X4 STANDART,162366,customer_77
HILUX CS DSL 4X4,262854,customer_89
HILUX CS DSL 4X4,262854,customer_40
GM-S10 CABINE SIMPLES,175555,customer_25
TOYOTA-HILUX CS 4X4,172298,customer_87
TOYOTA-HILUX CD 4X4 STANDART,162366,customer_36
TOYOTA-HILUX CD 4X4 STANDART,162366,customer_82
MITSUBISHI-L200 TRITON GL 2.4 D 4X4 MT CD,201850,customer_6
GM-S10 CABINE SIMPLES,175555,customer_9
GM-S10 CABINE SIMPLES,175555,customer_64
TOYOTA-HILUX CS 4X4,172298,customer_46
TOYOTA-HILUX CS 4X4,172298,customer_34
MITSUBISHI-L200 TRITON GL 2.4 D 4X4 MT CD,201850,customer_88
TOYOTA-HILUX CD 4X4 STANDART,162366,customer_17
MITSUBISHI-L200 TRITON GL 2.4 D 4X4 MT CD,201850,customer_88
HILUX CS DSL 4X4,262854,customer_50
TOYOTA-HILUX CS 4X4,172298,customer_25
GM-S10 CABINE SIMPLES,175555,customer_17
TOYOTA-HILUX CS 4X4,172298,customer_50
GM-S10 CABINE SIMPLES,175555,customer_42
TOYOTA-HILUX CD 4X4 STANDART,162366,customer_13
HILUX CS DSL 4X4,262854,customer_72
TOYOTA-HILUX CD 4X4 STANDART,162366,customer_45
TOYOTA-HILUX CD 4X4 STANDART,162366,customer_95
MITSUBISHI-L200 TRITON GL 2.4 D 4X4 MT CD,201850,customer_63
HILUX CS DSL 4X4,262854,customer_60
HILUX CS DSL 4X4,262854,customer_81
TOYOTA-HILUX CD 4X4 STANDART,162366,customer_11
HILUX CS DSL 4X4,262854,customer_96
TOYOTA-HILUX CD 4X4 STANDART,162366,customer_50
MITSUBISHI-L200 TRITON GL 2.4 D 4X4 MT CD,201850,customer_60
TOYOTA-HILUX CS 4X4,172298,customer_33
TOYOTA-HILUX CD 4X4 STANDART,162366,customer_86
TOYOTA-HILUX CD 4X4 STANDART,162366,customer_62
GM-S10 CABINE SIMPLES,175555,customer_3
TOYOTA-HILUX CD 4X4 STANDART,162366,customer_26
TOYOTA-HILUX CS 4X4,172298,customer_9
TOYOTA-HILUX CD 4X4 STANDART,162366,customer_67
GM-S10 CABINE SIMPLES,175555,customer_13
HILUX CS DSL 4X4,262854,customer_18
MITSUBISHI-L200 TRITON GL 2.4 D 4X4 MT CD,201850,customer_84
TOYOTA-HILUX CD 4X4 STANDART,162366,customer_60
HILUX CS DSL 4X4,262854,customer_85
GM-S10 CABINE SIMPLES,175555,customer_17
HILUX CS DSL 4X4,262854,customer_70
GM-S10 CABINE SIMPLES,175555,customer_50
GM-S10 CABINE SIMPLES,175555,customer_72
MITSUBISHI-L200 TRITON GL 2.4 D 4X4 MT CD,201850,customer_94
GM-S10 CABINE SIMPLES,175555,customer_64
GM-S10 CABINE SIMPLES,175555,customer_49
MITSUBISHI-L200 TRITON GL 2.4 D 4X4 MT CD,201850,customer_85
HILUX CS DSL 4X4,262854,customer_99
TOYOTA-HILUX CD 4X4 STANDART,162366,customer_92
HILUX CS DSL 4X4,262854,customer_59
MITSUBISHI-L200 TRITON GL 2.4 D 4X4 MT CD,201850,customer_1
TOYOTA-HILUX CS 4X4,172298,customer_73
TOYOTA-HILUX CS 4X4,172298,customer_80
TOYOTA-HILUX CS 4X4,172298,customer_92
MITSUBISHI-L200 TRITON GL 2.4 D 4X4 MT CD,201850,customer_36
TOYOTA-HILUX CS 4X4,172298,customer_34
TOYOTA-HILUX CD 4X4 STANDART,162366,customer_85
GM-S10 CABINE SIMPLES,175555,customer_29
MITSUBISHI-L200 TRITON GL 2.4 D 4X4 MT CD,201850,customer_64
MITSUBISHI-L200 TRITON GL 2.4 D 4X4 MT CD,201850,customer_55
TOYOTA-HILUX CD 4X4 STANDART,162366,customer_76
MITSUBISHI-L200 TRITON GL 2.4 D 4X4 MT CD,201850,customer_29
TOYOTA-HILUX CS 4X4,172298,customer_71
TOYOTA-HILUX CD 4X4 STANDART,162366,customer_25
MITSUBISHI-L200 TRITON GL 2.4 D 4X4 MT CD,201850,customer_50
MITSUBISHI-L200 TRITON GL 2.4 D 4X4 MT CD,201850,customer_16
GM-S10 CABINE SIMPLES,175555,customer_94
HILUX CS DSL 4X4,262854,customer_98
GM-S10 CABINE SIMPLES,175555,customer_62
TOYOTA-HILUX CD 4X4 STANDART,162366,customer_32
GM-S10 CABINE SIMPLES,175555,customer_32
TOYOTA-HILUX CD 4X4 STANDART,162366,customer_84
MITSUBISHI-L200 TRITON GL 2.4 D 4X4 MT CD,201850,customer_97
TOYOTA-HILUX CD 4X4 STANDART,162366,customer_53
MITSUBISHI-L200 TRITON GL 2.4 D 4X4 MT CD,201850,customer_4
GM-S10 CABINE SIMPLES,175555,customer_16
GM-S10 CABINE SIMPLES,175555,customer_85
TOYOTA-HILUX CS 4X4,172298,customer_62
GM-S10 CABINE SIMPLES,175555,customer_66
MITSUBISHI-L200 TRITON GL 2.4 D 4X4 MT CD,201850,customer_84
GM-S10 CABINE SIMPLES,175555,customer_50
GM-S10 CABINE SIMPLES,175555,customer_93
GM-S10 CABINE SIMPLES,175555,customer_50
GM-S10 CABINE SIMPLES,175555,customer_15
TOYOTA-HILUX CS 4X4,172298,customer_18
GM-S10 CABINE SIMPLES,175555,customer_17
GM-S10 CABINE SIMPLES,175555,customer_66
HILUX CS DSL 4X4,262854,customer_68
MITSUBISHI-L200 TRITON GL 2.4 D 4X4 MT CD,201850,customer_24
HILUX CS DSL 4X4,262854,customer_93
GM-S10 CABINE SIMPLES,175555,customer_78
GM-S10 CABINE SIMPLES,175555,customer_3
MITSUBISHI-L200 TRITON GL 2.4 D 4X4 MT CD,201850,customer_88
HILUX CS DSL 4X4,262854,customer_19
TOYOTA-HILUX CD 4X4 STANDART,162366,customer_4
HILUX CS DSL 4X4,262854,customer_4
GM-S10 CABINE SIMPLES,175555,customer_78
TOYOTA-HILUX CS 4X4,172298,customer_13
TOYOTA-HILUX CD 4X4 STANDART,162366,customer_53
TOYOTA-HILUX CD 4X4 STANDART,162366,customer_87
TOYOTA-HILUX CS 4X4,172298,customer_3
GM-S10 CABINE SIMPLES,175555,customer_91
GM-S10 CABINE SIMPLES,175555,customer_83
GM-S10 CABINE SIMPLES,175555,customer_81
MITSUBISHI-L200 TRITON GL 2.4 D 4X4 MT CD,201850,customer_32
TOYOTA-HILUX CD 4X4 STANDART,162366,customer_68
TOYOTA-HILUX CS 4X4,172298,customer_48
TOYOTA-HILUX CD 4X4 STANDART,162366,customer_99
HILUX CS DSL 4X4,262854,customer_75
MITSUBISHI-L200 TRITON GL 2.4 D 4X4 MT CD,201850,customer_23
TOYOTA-HILUX CS 4X4,172298,customer_58
HILUX CS DSL 4X4,262854,customer_66
TOYOTA-HILUX CS 4X4,172298,customer_25
GM-S10 CABINE SIMPLES,175555,customer_42
MITSUBISHI-L200 TRITON GL 2.4 D 4X4 MT CD,201850,customer_20
GM-S10 CABINE SIMPLES,175555,customer_50
GM-S10 CABINE SIMPLES,175555,customer_31
MITSUBISHI-L200 TRITON GL 2.4 D 4X4 MT CD,201850,customer_22
GM-S10 CABINE SIMPLES,175555,customer_89
TOYOTA-HILUX CD 4X4 STANDART,162366,customer_18
GM-S10 CABINE SIMPLES,175555,customer_43
TOYOTA-HILUX CD 4X4 STANDART,162366,customer_99
TOYOTA-HILUX CS 4X4,172298,customer_72
MITSUBISHI-L200 TRITON GL 2.4 D 4X4 MT CD,201850,customer_54
TOYOTA-HILUX CD 4X4 STANDART,162366,customer_82
MITSUBISHI-L200 TRITON GL 2.4 D 4X4 MT CD,201850,customer_74
MITSUBISHI-L200 TRITON GL 2.4 D 4X4 MT CD,201850,customer_33
HILUX CS DSL 4X4,262854,customer_63
GM-S10 CABINE SIMPLES,175555,customer_23
MITSUBISHI-L200 TRITON GL 2.4 D 4X4 MT CD,201850,customer_45
HILUX CS DSL 4X4,262854,customer_78
MITSUBISHI-L200 TRITON GL 2.4 D 4X4 MT CD,201850,customer_42
TOYOTA-HILUX CS 4X4,172298,customer_31
HILUX CS DSL 4X4,262854,customer_66
TOYOTA-HILUX CD 4X4 STANDART,162366,customer_75
MITSUBISHI-L200 TRITON GL 2.4 D 4X4 MT CD,201850,customer_52
TOYOTA-HILUX CS 4X4,172298,customer_57
GM-S10 CABINE SIMPLES,175555,customer_58
GM-S10 CABINE SIMPLES,175555,customer_80
TOYOTA-HILUX CD 4X4 STANDART,162366,customer_72
TOYOTA-HILUX CS 4X4,172298,customer_24
TOYOTA-HILUX CS 4X4,172298,customer_22
GM-S10 CABINE SIMPLES,175555,customer_21
GM-S10 CABINE SIMPLES,175555,customer_6
MITSUBISHI-L200 TRITON GL 2.4 D 4X4 MT CD,201850,customer_19
TOYOTA-HILUX CS 4X4,172298,customer_20
TOYOTA-HILUX CS 4X4,172298,customer_34
MITSUBISHI-L200 TRITON GL 2.4 D 4X4 MT CD,201850,customer_65
TOYOTA-HILUX CD 4X4 STANDART,162366,customer_86
HILUX CS DSL 4X4,262854,customer_45
MITSUBISHI-L200 TRITON GL 2.4 D 4X4 MT CD,201850,customer_97
TOYOTA-HILUX CD 4X4 STANDART,162366,customer_33
TOYOTA-HILUX CS 4X4,172298,customer_17
HILUX CS DSL 4X4,262854,customer_81
TOYOTA-HILUX CS 4X4,172298,customer_51
TOYOTA-HILUX CD 4X4 STANDART,162366,customer_26
MITSUBISHI-L200 TRITON GL 2.4 D 4X4 MT CD,201850,customer_39
MITSUBISHI-L200 TRITON GL 2.4 D 4X4 MT CD,201850,customer_78
GM-S10 CABINE SIMPLES,175555,customer_26
TOYOTA-HILUX CS 4X4,172298,customer_57
GM-S10 CABINE SIMPLES,175555,customer_40
TOYOTA-HILUX CD 4X4 STANDART,162366,customer_25
GM-S10 CABINE SIMPLES,175555,customer_80
TOYOTA-HILUX CD 4X4 STANDART,162366,customer_37
MITSUBISHI-L200 TRITON GL 2.4 D 4X4 MT CD,201850,customer_56
GM-S10 CABINE SIMPLES,175555,customer_31
MITSUBISHI-L200 TRITON GL 2.4 D 4X4 MT CD,201850,customer_1
MITSUBISHI-L200 TRITON GL 2.4 D 4X4 MT CD,201850,customer_35
GM-S10 CABINE SIMPLES,175555,customer_17
MITSUBISHI-L200 TRITON GL 2.4 D 4X4 MT CD,201850,customer_72
TOYOTA-HILUX CD 4X4 STANDART,162366,customer_5
MITSUBISHI-L200 TRITON GL 2.4 D 4X4 MT CD,201850,customer_93
HILUX CS DSL 4X4,262854,customer_80
TOYOTA-HILUX CS 4X4,172298,customer_79
GM-S10 CABINE SIMPLES,175555,customer_86
TOYOTA-HILUX CS 4X4,172298,customer_73
GM-S10 CABINE SIMPLES,175555,customer_42
GM-S10 CABINE SIMPLES,175555,customer_19
GM-S10 CABINE SIMPLES,175555,customer_41
MITSUBISHI-L200 TRITON GL 2.4 D 4X4 MT CD,201850,customer_21
TOYOTA-HILUX CD 4X4 STANDART,162366,customer_64
TOYOTA-HILUX CD 4X4 STANDART,162366,customer_83
GM-S10 CABINE SIMPLES,175555,customer_59
TOYOTA-HILUX CD 4X4 STANDART,162366,customer_36
MITSUBISHI-L200 TRITON GL 2.4 D 4X4 MT CD,201850,customer_98
TOYOTA-HILUX CS 4X4,172298,customer_36
MITSUBISHI-L200 TRITON GL 2.4 D 4X4 MT CD,201850,customer_50
GM-S10 CABINE SIMPLES,175555,customer_96
GM-S10 CABINE SIMPLES,175555,customer_50
TOYOTA-HILUX CS 4X4,172298,customer_5
MITSUBISHI-L200 TRITON GL 2.4 D 4X4 MT CD,201850,customer_66
GM-S10 CABINE SIMPLES,175555,customer_96
GM-S10 CABINE SIMPLES,175555,customer_100
GM-S10 CABINE SIMPLES,175555,customer_84
TOYOTA-HILUX CS 4X4,172298,customer_33
HILUX CS DSL 4X4,262854,customer_34
MITSUBISHI-L200 TRITON GL 2.4 D 4X4 MT CD,201850,customer_96
GM-S10 CABINE SIMPLES,175555,customer_36
GM-S10 CABINE SIMPLES,175555,customer_40
MITSUBISHI-L200 TRITON GL 2.4 D 4X4 MT CD,201850,customer_67
HILUX CS DSL 4X4,262854,customer_53
TOYOTA-HILUX CD 4X4 STANDART,162366,customer_1
TOYOTA-HILUX CS 4X4,172298,customer_10
HILUX CS DSL 4X4,262854,customer_21
HILUX CS DSL 4X4,262854,customer_95
TOYOTA-HILUX CD 4X4 STANDART,162366,customer_31
GM-S10 CABINE SIMPLES,175555,customer_83
HILUX CS DSL 4X4,262854,customer_84
TOYOTA-HILUX CD 4X4 STANDART,162366,customer_28
MITSUBISHI-L200 TRITON GL 2.4 D 4X4 MT CD,201850,customer_65
HILUX CS DSL 4X4,262854,customer_37
GM-S10 CABINE SIMPLES,175555,customer_80
GM-S10 CABINE SIMPLES,175555,customer_42
GM-S10 CABINE SIMPLES,175555,customer_35
GM-S10 CABINE SIMPLES,175555,customer_63
TOYOTA-HILUX CD 4X4 STANDART,162366,customer_88
TOYOTA-HILUX CS 4X4,172298,customer_84
TOYOTA-HILUX CS 4X4,172298,customer_78
TOYOTA-HILUX CD 4X4 STANDART,162366,customer_51
HILUX CS DSL 4X4,262854,customer_93
TOYOTA-HILUX CD 4X4 STANDART,162366,customer_76
TOYOTA-HILUX CS 4X4,172298,customer_39
MITSUBISHI-L200 TRITON GL 2.4 D 4X4 MT CD,201850,customer_51
GM-S10 CABINE SIMPLES,175555,customer_6
TOYOTA-HILUX CS 4X4,172298,customer_56
TOYOTA-HILUX CS 4X4,172298,customer_2
TOYOTA-HILUX CD 4X4 STANDART,162366,customer_17
HILUX CS DSL 4X4,262854,customer_34
MITSUBISHI-L200 TRITON GL 2.4 D 4X4 MT CD,201850,customer_94
TOYOTA-HILUX CD 4X4 STANDART,162366,customer_61
MITSUBISHI-L200 TRITON GL 2.4 D 4X4 MT CD,201850,customer_78
TOYOTA-HILUX CS 4X4,172298,customer_24
TOYOTA-HILUX CS 4X4,172298,customer_16
TOYOTA-HILUX CD 4X4 STANDART,162366,customer_81
TOYOTA-HILUX CS 4X4,172298,customer_15
TOYOTA-HILUX CD 4X4 STANDART,162366,customer_50
TOYOTA-HILUX CD 4X4 STANDART,162366,customer_66
MITSUBISHI-L200 TRITON GL 2.4 D 4X4 MT CD,201850,customer_29
HILUX CS DSL 4X4,262854,customer_81
TOYOTA-HILUX CS 4X4,172298,customer_52
TOYOTA-HILUX CD 4X4 STANDART,162366,customer_55
GM-S10 CABINE SIMPLES,175555,customer_83
TOYOTA-HILUX CD 4X4 STANDART,162366,customer_89
TOYOTA-HILUX CS 4X4,172298,customer_71
TOYOTA-HILUX CD 4X4 STANDART,162366,customer_20
TOYOTA-HILUX CS 4X4,172298,customer_68
MITSUBISHI-L200 TRITON GL 2.4 D 4X4 MT CD,201850,customer_38
TOYOTA-HILUX CS 4X4,172298,customer_36
GM-S10 CABINE SIMPLES,175555,customer_54
TOYOTA-HILUX CS 4X4,172298,customer_62
MITSUBISHI-L200 TRITON GL 2.4 D 4X4 MT CD,201850,customer_85
HILUX CS DSL 4X4,262854,customer_32
TOYOTA-HILUX CD 4X4 STANDART,162366,customer_27
GM-S10 CABINE SIMPLES,175555,customer_85
HILUX CS DSL 4X4,262854,customer_74
HILUX CS DSL 4X4,262854,customer_68
MITSUBISHI-L200 TRITON GL 2.4 D 4X4 MT CD,201850,customer_65
TOYOTA-HILUX CD 4X4 STANDART,162366,customer_87
TOYOTA-HILUX CD 4X4 STANDART,162366,customer_94
HILUX CS DSL 4X4,262854,customer_57
MITSUBISHI-L200 TRITON GL 2.4 D 4X4 MT CD,201850,customer_71
MITSUBISHI-L200 TRITON GL 2.4 D 4X4 MT CD,201850,customer_80
TOYOTA-HILUX CS 4X4,172298,customer_10
TOYOTA-HILUX CD 4X4 STANDART,162366,customer_29
MITSUBISHI-L200 TRITON GL 2.4 D 4X4 MT CD,201850,customer_1
MITSUBISHI-L200 TRITON GL 2.4 D 4X4 MT CD,201850,customer_8
TOYOTA-HILUX CD 4X4 STANDART,162366,customer_97
GM-S10 CABINE SIMPLES,175555,customer_26
TOYOTA-HILUX CD 4X4 STANDART,162366,customer_28
GM-S10 CABINE SIMPLES,175555,customer_81
MITSUBISHI-L200 TRITON GL 2.4 D 4X4 MT CD,201850,customer_31
TOYOTA-HILUX CD 4X4 STANDART,162366,customer_33
GM-S10 CABINE SIMPLES,175555,customer_19
TOYOTA-HILUX CS 4X4,172298,customer_39
TOYOTA-HILUX CD 4X4 STANDART,162366,customer_50
HILUX CS DSL 4X4,262854,customer_69
GM-S10 CABINE SIMPLES,175555,customer_66
GM-S10 CABINE SIMPLES,175555,customer_42
MITSUBISHI-L200 TRITON GL 2.4 D 4X4 MT CD,201850,customer_100
TOYOTA-HILUX CD 4X4 STANDART,162366,customer_18
MITSUBISHI-L200 TRITON GL 2.4 D 4X4 MT CD,201850,customer_94
TOYOTA-HILUX CS 4X4,172298,customer_43
TOYOTA-HILUX CD 4X4 STANDART,162366,customer_18
TOYOTA-HILUX CS 4X4,172298,customer_13
TOYOTA-HILUX CD 4X4 STANDART,162366,customer_71
TOYOTA-HILUX CD 4X4 STANDART,162366,customer_5
MITSUBISHI-L200 TRITON GL 2.4 D 4X4 MT CD,201850,customer_87
TOYOTA-HILUX CD 4X4 STANDART,162366,customer_38
HILUX CS DSL 4X4,262854,customer_33
TOYOTA-HILUX CD 4X4 STANDART,162366,customer_88
TOYOTA-HILUX CD 4X4 STANDART,162366,customer_58
HILUX CS DSL 4X4,262854,customer_54
GM-S10 CABINE SIMPLES,175555,customer_30
GM-S10 CABINE SIMPLES,175555,customer_40
MITSUBISHI-L200 TRITON GL 2.4 D 4X4 MT CD,201850,customer_12
TOYOTA-HILUX CD 4X4 STANDART,162366,customer_39
TOYOTA-HILUX CS 4X4,172298,customer_13
TOYOTA-HILUX CD 4X4 STANDART,162366,customer_98
MITSUBISHI-L200 TRITON GL 2.4 D 4X4 MT CD,201850,customer_48
TOYOTA-HILUX CD 4X4 STANDART,162366,customer_75
GM-S10 CABINE SIMPLES,175555,customer_24
TOYOTA-HILUX CS 4X4,172298,customer_57
MITSUBISHI-L200 TRITON GL 2.4 D 4X4 MT CD,201850,customer_51
GM-S10 CABINE SIMPLES,175555,customer_18
TOYOTA-HILUX CS 4X4,172298,customer_33
TOYOTA-HILUX CD 4X4 STANDART,162366,customer_98
TOYOTA-HILUX CS 4X4,172298,customer_14
TOYOTA-HILUX CS 4X4,172298,customer_42
MITSUBISHI-L200 TRITON GL 2.4 D 4X4 MT CD,201850,customer_82
TOYOTA-HILUX CS 4X4,172298,customer_40
TOYOTA-HILUX CS 4X4,172298,customer_71
GM-S10 CABINE SIMPLES,175555,customer_9
HILUX CS DSL 4X4,262854,customer_96
TOYOTA-HILUX CD 4X4 STANDART,162366,customer_92
TOYOTA-HILUX CD 4X4 STANDART,162366,customer_10
TOYOTA-HILUX CD 4X4 STANDART,162366,customer_33
MITSUBISHI-L200 TRITON GL 2.4 D 4X4 MT CD,201850,customer_15
HILUX CS DSL 4X4,262854,customer_96
HILUX CS DSL 4X4,262854,customer_65
TOYOTA-HILUX CS 4X4,172298,customer_49
MITSUBISHI-L200 TRITON GL 2.4 D 4X4 MT CD,201850,customer_67
GM-S10 CABINE SIMPLES,175555,customer_31
TOYOTA-HILUX CS 4X4,172298,customer_11
TOYOTA-HILUX CD 4X4 STANDART,162366,customer_3
TOYOTA-HILUX CD 4X4 STANDART,162366,customer_60
HILUX CS DSL 4X4,262854,customer_100
TOYOTA-HILUX CS 4X4,172298,customer_5
MITSUBISHI-L200 TRITON GL 2.4 D 4X4 MT CD,201850,customer_58
GM-S10 CABINE SIMPLES,175555,customer_68
TOYOTA-HILUX CD 4X4 STANDART,162366,customer_33
MITSUBISHI-L200 TRITON GL 2.4 D 4X4 MT CD,201850,customer_84
TOYOTA-HILUX CS 4X4,172298,customer_84
MITSUBISHI-L200 TRITON GL 2.4 D 4X4 MT CD,201850,customer_55
TOYOTA-HILUX CD 4X4 STANDART,162366,customer_97
HILUX CS DSL 4X4,262854,customer_65
MITSUBISHI-L200 TRITON GL 2.4 D 4X4 MT CD,201850,customer_40
HILUX CS DSL 4X4,262854,customer_49
MITSUBISHI-L200 TRITON GL 2.4 D 4X4 MT CD,201850,customer_70
HILUX CS DSL 4X4,262854,customer_76
GM-S10 CABINE SIMPLES,175555,customer_41
MITSUBISHI-L200 TRITON GL 2.4 D 4X4 MT CD,201850,customer_4
TOYOTA-HILUX CD 4X4 STANDART,162366,customer_19
TOYOTA-HILUX CS 4X4,172298,customer_16
HILUX CS DSL 4X4,262854,customer_72
TOYOTA-HILUX CS 4X4,172298,customer_73
GM-S10 CABINE SIMPLES,175555,customer_7
TOYOTA-HILUX CD 4X4 STANDART,162366,customer_14
TOYOTA-HILUX CS 4X4,172298,customer_67
GM-S10 CABINE SIMPLES,175555,customer_61
HILUX CS DSL 4X4,262854,customer_91
GM-S10 CABINE SIMPLES,175555,customer_73
HILUX CS DSL 4X4,262854,customer_6
MITSUBISHI-L200 TRITON GL 2.4 D 4X4 MT CD,201850,customer_43
TOYOTA-HILUX CS 4X4,172298,customer_69
GM-S10 CABINE SIMPLES,175555,customer_30
GM-S10 CABINE SIMPLES,175555,customer_37
TOYOTA-HILUX CD 4X4 STANDART,162366,customer_42
TOYOTA-HILUX CD 4X4 STANDART,162366,customer_68
GM-S10 CABINE SIMPLES,175555,customer_95
HILUX CS DSL 4X4,262854,customer_20
HILUX CS DSL 4X4,262854,customer_56
GM-S10 CABINE SIMPLES,175555,customer_60
HILUX CS DSL 4X4,262854,customer_26
GM-S10 CABINE SIMPLES,175555,customer_38
TOYOTA-HILUX CS 4X4,172298,customer_31
HILUX CS DSL 4X4,262854,customer_95
TOYOTA-HILUX CS 4X4,172298,customer_74
TOYOTA-HILUX CD 4X4 STANDART,162366,customer_65
GM-S10 CABINE SIMPLES,175555,customer_54
MITSUBISHI-L200 TRITON GL 2.4 D 4X4 MT CD,201850,customer_23
GM-S10 CABINE SIMPLES,175555,customer_11
MITSUBISHI-L200 TRITON GL 2.4 D 4X4 MT CD,201850,customer_47
TOYOTA-HILUX CS 4X4,172298,customer_58
HILUX CS DSL 4X4,262854,customer_17
TOYOTA-HILUX CD 4X4 STANDART,162366,customer_33
GM-S10 CABINE SIMPLES,175555,customer_68
GM-S10 CABINE SIMPLES,175555,customer_41
MITSUBISHI-L200 TRITON GL 2.4 D 4X4 MT CD,201850,customer_10
HILUX CS DSL 4X4,262854,customer_82
MITSUBISHI-L200 TRITON GL 2.4 D 4X4 MT CD,201850,customer_36
GM-S10 CABINE SIMPLES,175555,customer_99
TOYOTA-HILUX CS 4X4,172298,customer_22
HILUX CS DSL 4X4,262854,customer_95
TOYOTA-HILUX CD 4X4 STANDART,162366,customer_35
MITSUBISHI-L200 TRITON GL 2.4 D 4X4 MT CD,201850,customer_28
TOYOTA-HILUX CD 4X4 STANDART,162366,customer_45
TOYOTA-HILUX CD 4X4 STANDART,162366,customer_17
TOYOTA-HILUX CS 4X4,172298,customer_37
HILUX CS DSL 4X4,262854,customer_66
HILUX CS DSL 4X4,262854,customer_19
HILUX CS DSL 4X4,262854,customer_70
TOYOTA-HILUX CS 4X4,172298,customer_45
MITSUBISHI-L200 TRITON GL 2.4 D 4X4 MT CD,201850,customer_23
GM-S10 CABINE SIMPLES,175555,customer_42
GM-S10 CABINE SIMPLES,175555,customer_34
GM-S10 CABINE SIMPLES,175555,customer_50
HILUX CS DSL 4X4,262854,customer_95
HILUX CS DSL 4X4,262854,customer_21
TOYOTA-HILUX CS 4X4,172298,customer_15
MITSUBISHI-L200 TRITON GL 2.4 D 4X4 MT CD,201850,customer_43
TOYOTA-HILUX CD 4X4 STANDART,162366,customer_15
TOYOTA-HILUX CD 4X4 STANDART,162366,customer_7
GM-S10 CABINE SIMPLES,175555,customer_70
TOYOTA-HILUX CD 4X4 STANDART,162366,customer_55
TOYOTA-HILUX CD 4X4 STANDART,162366,customer_72
TOYOTA-HILUX CS 4X4,172298,customer_96
HILUX CS DSL 4X4,262854,customer_51
GM-S10 CABINE SIMPLES,175555,customer_10
TOYOTA-HILUX CS 4X4,172298,customer_60
TOYOTA-HILUX CS 4X4,172298,customer_6
HILUX CS DSL 4X4,262854,customer_31
TOYOTA-HILUX CS 4X4,172298,customer_40
TOYOTA-HILUX CD 4X4 STANDART,162366,customer_92
HILUX CS DSL 4X4,262854,customer_74
TOYOTA-HILUX CS 4X4,172298,customer_30
GM-S10 CABINE SIMPLES,175555,customer_74
GM-S10 CABINE SIMPLES,175555,customer_7
TOYOTA-HILUX CD 4X4 STANDART,162366,customer_55
GM-S10 CABINE SIMPLES,175555,customer_66
GM-S10 CABINE SIMPLES,175555,customer_81
TOYOTA-HILUX CS 4X4,172298,customer_53
GM-S10 CABINE SIMPLES,175555,customer_40
GM-S10 CABINE SIMPLES,175555,customer_51
MITSUBISHI-L200 TRITON GL 2.4 D 4X4 MT CD,201850,customer_37
GM-S10 CABINE SIMPLES,175555,customer_92
TOYOTA-HILUX CD 4X4 STANDART,162366,customer_14
MITSUBISHI-L200 TRITON GL 2.4 D 4X4 MT CD,201850,customer_62
GM-S10 CABINE SIMPLES,175555,customer_37
MITSUBISHI-L200 TRITON GL 2.4 D 4X4 MT CD,201850,customer_31
GM-S10 CABINE SIMPLES,175555,customer_95
TOYOTA-HILUX CS 4X4,172298,customer_52
HILUX CS DSL 4X4,262854,customer_69
MITSUBISHI-L200 TRITON GL 2.4 D 4X4 MT CD,201850,customer_92
TOYOTA-HILUX CS 4X4,172298,customer_54
TOYOTA-HILUX CD 4X4 STANDART,162366,customer_6
HILUX CS DSL 4X4,262854,customer_69
TOYOTA-HILUX CD 4X4 STANDART,162366,customer_81
GM-S10 CABINE SIMPLES,175555,customer_6
MITSUBISHI-L200 TRITON GL 2.4 D 4X4 MT CD,201850,customer_33
HILUX CS DSL 4X4,262854,customer_48
TOYOTA-HILUX CD 4X4 STANDART,162366,customer_98
TOYOTA-HILUX CS 4X4,172298,customer_76
TOYOTA-HILUX CD 4X4 STANDART,162366,customer_70
HILUX CS DSL 4X4,262854,customer_85
TOYOTA-HILUX CS 4X4,172298,customer_87
GM-S10 CABINE SIMPLES,175555,customer_64
TOYOTA-HILUX CS 4X4,172298,customer_15
TOYOTA-HILUX CS 4X4,172298,customer_46
TOYOTA-HILUX CS 4X4,172298,customer_33
TOYOTA-HILUX CD 4X4 STANDART,162366,customer_9
HILUX CS DSL 4X4,262854,customer_95
TOYOTA-HILUX CD 4X4 STANDART,162366,customer_11
TOYOTA-HILUX CS 4X4,172298,customer_32
TOYOTA-HILUX CD 4X4 STANDART,162366,customer_86
TOYOTA-HILUX CD 4X4 STANDART,162366,customer_72
GM-S10 CABINE SIMPLES,175555,customer_85
TOYOTA-HILUX CD 4X4 STANDART,162366,customer_23
TOYOTA-HILUX CD 4X4 STANDART,162366,customer_7
TOYOTA-HILUX CD 4X4 STANDART,162366,customer_45
HILUX CS DSL 4X4,262854,customer_22
TOYOTA-HILUX CS 4X4,172298,customer_46
TOYOTA-HILUX CS 4X4,172298,customer_17
TOYOTA-HILUX CD 4X4 STANDART,162366,customer_56
TOYOTA-HILUX CD 4X4 STANDART,162366,customer_49
TOYOTA-HILUX CD 4X4 STANDART,162366,customer_25
MITSUBISHI-L200 TRITON GL 2.4 D 4X4 MT CD,201850,customer_65
TOYOTA-HILUX CD 4X4 STANDART,162366,customer_42
TOYOTA-HILUX CD 4X4 STANDART,162366,customer_12
HILUX CS DSL 4X4,262854,customer_17
GM-S10 CABINE SIMPLES,175555,customer_4
TOYOTA-HILUX CD 4X4 STANDART,162366,customer_31
HILUX CS DSL 4X4,262854,customer_96
HILUX CS DSL 4X4,262854,customer_45
TOYOTA-HILUX CS 4X4,172298,customer_61
TOYOTA-HILUX CD 4X4 STANDART,162366,customer_75
TOYOTA-HILUX CS 4X4,172298,customer_93
HILUX CS DSL 4X4,262854,customer_13
GM-S10 CABINE SIMPLES,175555,customer_100
TOYOTA-HILUX CS 4X4,172298,customer_59
MITSUBISHI-L200 TRITON GL 2.4 D 4X4 MT CD,201850,customer_81
TOYOTA-HILUX CD 4X4 STANDART,162366,customer_48
GM-S10 CABINE SIMPLES,175555,customer_3
MITSUBISHI-L200 TRITON GL 2.4 D 4X4 MT CD,201850,customer_18
TOYOTA-HILUX CD 4X4 STANDART,162366,customer_63
TOYOTA-HILUX CS 4X4,172298,customer_41
GM-S10 CABINE SIMPLES,175555,customer_28
HILUX CS DSL 4X4,262854,customer_84
HILUX CS DSL 4X4,262854,customer_13
HILUX CS DSL 4X4,262854,customer_13
TOYOTA-HILUX CS 4X4,172298,customer_47
TOYOTA-HILUX CD 4X4 STANDART,162366,customer_63
TOYOTA-HILUX CD 4X4 STANDART,162366,customer_10
GM-S10 CABINE SIMPLES,175555,customer_62
HILUX CS DSL 4X4,262854,customer_95
MITSUBISHI-L200 TRITON GL 2.4 D 4X4 MT CD,201850,customer_1
HILUX CS DSL 4X4,262854,customer_47
MITSUBISHI-L200 TRITON GL 2.4 D 4X4 MT CD,201850,customer_70
HILUX CS DSL 4X4,262854,customer_20
TOYOTA-HILUX CS 4X4,172298,customer_12
HILUX CS DSL 4X4,262854,customer_6
HILUX CS DSL 4X4,262854,customer_10
TOYOTA-HILUX CD 4X4 STANDART,162366,customer_92
TOYOTA-HILUX CD 4X4 STANDART,162366,customer_66
TOYOTA-HILUX CD 4X4 STANDART,162366,customer_64
MITSUBISHI-L200 TRITON GL 2.4 D 4X4 MT CD,201850,customer_53
GM-S10 CABINE SIMPLES,175555,customer_87
TOYOTA-HILUX CD 4X4 STANDART,162366,customer_54
MITSUBISHI-L200 TRITON GL 2.4 D 4X4 MT CD,201850,customer_85
MITSUBISHI-L200 TRITON GL 2.4 D 4X4 MT CD,201850,customer_15
TOYOTA-HILUX CS 4X4,172298,customer_85
MITSUBISHI-L200 TRITON GL 2.4 D 4X4 MT CD,201850,customer_100
TOYOTA-HILUX CS 4X4,172298,customer_57
TOYOTA-HILUX CS 4X4,172298,customer_67
TOYOTA-HILUX CD 4X4 STANDART,162366,customer_6
GM-S10 CABINE SIMPLES,175555,customer_78
TOYOTA-HILUX CS 4X4,172298,customer_51
MITSUBISHI-L200 TRITON GL 2.4 D 4X4 MT CD,201850,customer_43
TOYOTA-HILUX CD 4X4 STANDART,162366,customer_99
TOYOTA-HILUX CS 4X4,172298,customer_97
GM-S10 CABINE SIMPLES,175555,customer_70
HILUX CS DSL 4X4,262854,customer_54
TOYOTA-HILUX CS 4X4,172298,customer_30
TOYOTA-HILUX CD 4X4 STANDART,162366,customer_10
TOYOTA-HILUX CD 4X4 STANDART,162366,customer_74
TOYOTA-HILUX CD 4X4 STANDART,162366,customer_84
TOYOTA-HILUX CS 4X4,172298,customer_68
HILUX CS DSL 4X4,262854,customer_65
HILUX CS DSL 4X4,262854,customer_72
TOYOTA-HILUX CS 4X4,172298,customer_53
HILUX CS DSL 4X4,262854,customer_67
HILUX CS DSL 4X4,262854,customer_59
MITSUBISHI-L200 TRITON GL 2.4 D 4X4 MT CD,201850,customer_84
GM-S10 CABINE SIMPLES,175555,customer_50
MITSUBISHI-L200 TRITON GL 2.4 D 4X4 MT CD,201850,customer_53
TOYOTA-HILUX CS 4X4,172298,customer_63
GM-S10 CABINE SIMPLES,175555,customer_77
TOYOTA-HILUX CS 4X4,172298,customer_34
HILUX CS DSL 4X4,262854,customer_11
GM-S10 CABINE SIMPLES,175555,customer_76
MITSUBISHI-L200 TRITON GL 2.4 D 4X4 MT CD,201850,customer_4
MITSUBISHI-L200 TRITON GL 2.4 D 4X4 MT CD,201850,customer_6
MITSUBISHI-L200 TRITON GL 2.4 D 4X4 MT CD,201850,customer_21
GM-S10 CABINE SIMPLES,175555,customer_56
HILUX CS DSL 4X4,262854,customer_30
GM-S10 CABINE SIMPLES,175555,customer_56
GM-S10 CABINE SIMPLES,175555,customer_39
GM-S10 CABINE SIMPLES,175555,customer_88
GM-S10 CABINE SIMPLES,175555,customer_25
TOYOTA-HILUX CS 4X4,172298,customer_59
GM-S10 CABINE SIMPLES,175555,customer_3
HILUX CS DSL 4X4,262854,customer_65
TOYOTA-HILUX CS 4X4,172298,customer_56
GM-S10 CABINE SIMPLES,175555,customer_74
TOYOTA-HILUX CS 4X4,172298,customer_60
MITSUBISHI-L200 TRITON GL 2.4 D 4X4 MT CD,201850,customer_48
TOYOTA-HILUX CS 4X4,172298,customer_10
HILUX CS DSL 4X4,262854,customer_98
GM-S10 CABINE SIMPLES,175555,customer_34
TOYOTA-HILUX CD 4X4 STANDART,162366,customer_77
HILUX CS DSL 4X4,262854,customer_58
TOYOTA-HILUX CD 4X4 STANDART,162366,customer_5
TOYOTA-HILUX CS 4X4,172298,customer_9
HILUX CS DSL 4X4,262854,customer_93
HILUX CS DSL 4X4,262854,customer_32
GM-S10 CABINE SIMPLES,175555,customer_50
GM-S10 CABINE SIMPLES,175555,customer_58
MITSUBISHI-L200 TRITON GL 2.4 D 4X4 MT CD,201850,customer_50
TOYOTA-HILUX CD 4X4 STANDART,162366,customer_55
MITSUBISHI-L200 TRITON GL 2.4 D 4X4 MT CD,201850,customer_54
HILUX CS DSL 4X4,262854,customer_10
TOYOTA-HILUX CS 4X4,172298,customer_79
TOYOTA-HILUX CS 4X4,172298,customer_76
TOYOTA-HILUX CS 4X4,172298,customer_25
TOYOTA-HILUX CS 4X4,172298,customer_74
TOYOTA-HILUX CD 4X4 STANDART,162366,customer_25
TOYOTA-HILUX CS 4X4,172298,customer_37
TOYOTA-HILUX CS 4X4,172298,customer_41
TOYOTA-HILUX CS 4X4,172298,customer_38
HILUX CS DSL 4X4,262854,customer_54
GM-S10 CABINE SIMPLES,175555,customer_88
HILUX CS DSL 4X4,262854,customer_20
TOYOTA-HILUX CD 4X4 STANDART,162366,customer_56
HILUX CS DSL 4X4,262854,customer_94
HILUX CS DSL 4X4,262854,customer_37
MITSUBISHI-L200 TRITON GL 2.4 D 4X4 MT CD,201850,customer_79
TOYOTA-HILUX CD 4X4 STANDART,162366,customer_45
HILUX CS DSL 4X4,262854,customer_14
GM-S10 CABINE SIMPLES,175555,customer_72
TOYOTA-HILUX CD 4X4 STANDART,162366,customer_41
HILUX CS DSL 4X4,262854,customer_64
TOYOTA-HILUX CD 4X4 STANDART,162366,customer_40
HILUX CS DSL 4X4,262854,customer_21
GM-S10 CABINE SIMPLES,175555,customer_10
GM-S10 CABINE SIMPLES,175555,customer_10
GM-S10 CABINE SIMPLES,175555,customer_94
