License Plate,Description,Value
NQT-604,Purchase of FIAT - ARGO DRIVE 1.0,-64061
QSS-101,Purchase of VW-GOL TREND 1.6 FLEX 4P,-34083
CSQ-841,Purchase of HONDA-CIVIC LX 2.0 FLEX,-95000
EPR-550,Purchase of VW-POLO 1.0 MPI,-54000
RVD-389,Purchase of GM-S10 CABINE SIMPLES,-175555
SFE-449,Purchase of FIAT-NOVA STRADA ENDURANCE CS 1.4,-81702
GSG-071,Purchase of CHEVROLET-ONIX LT 1.0 FLEX,-58000
XYJ-983,Purchase of FIAT-MOBI LIKE 1.0 FLEX,-48000
JXW-122,Purchase of HYUNDAI-HB20 1.6 COMFORT,-65000
OYB-235,Purchase of MITSUBISHI-L200 TRITON GL 2.4 D 4X4 MT CD,-201850
LQU-874,Purchase of HILUX CS DSL 4X4,-262854
KOR-124,Purchase of JEEP-RENEGADE SPORT 1.8 FLEX,-75000
ATO-445,Purchase of RENAULT-SANDERO AUTHENTIQUE 1.0 FLEX,-52000
DUL-877,Purchase of FORD-KA SE 1.0 FLEX,-50000
PRH-141,Purchase of TOYOTA-COROLLA XEi 2.0 FLEX,-90000
ZYI-764,Purchase of DUSTER OROCH EXPRESS 1.6 SCE,-88606
YKG-188,Purchase of JEEP-RENEGADE SPORT 1.8 FLEX,-75000
JHZ-815,Purchase of HILUX CS DSL 4X4,-262854
JIV-255,Purchase of DUSTER OROCH EXPRESS 1.6 SCE,-88606
SWE-812,Purchase of HONDA-CIVIC LX 2.0 FLEX,-95000
ZDV-258,Purchase of FIAT-NOVA STRADA ENDURANCE CS 1.4,-81702
JDE-519,Purchase of MITSUBISHI-L200 TRITON GL 2.4 D 4X4 MT CD,-201850
UVZ-659,Purchase of VW-GOL TREND 1.6 FLEX 4P,-34083
JUC-393,Purchase of FORD-KA SE 1.0 FLEX,-50000
DGM-478,Purchase of HILUX CS DSL 4X4,-262854
KYQ-680,Purchase of TOYOTA-COROLLA XEi 2.0 FLEX,-90000
YMI-955,Purchase of CHEVROLET-ONIX LT 1.0 FLEX,-58000
ECA-280,Purchase of NISSAN-VERSA SV 1.6 FLEX,-67000
TMI-471,Purchase of VW-POLO 1.0 MPI,-54000
FIS-461,Purchase of FIAT - ARGO DRIVE 1.0,-64061
RGE-874,Purchase of JEEP-RENEGADE SPORT 1.8 FLEX,-75000
KGA-914,Purchase of HONDA-CIVIC LX 2.0 FLEX,-95000
BRD-215,Purchase of TOYOTA-HILUX CD 4X4 STANDART,-162366
YHS-321,Purchase of JEEP-RENEGADE SPORT 1.8 FLEX,-75000
OMH-970,Purchase of TOYOTA-HILUX CS 4X4,-172298
IJN-620,Purchase of HILUX CS DSL 4X4,-262854
YNR-434,Purchase of VW-POLO 1.0 MPI,-54000
FVJ-394,Purchase of SAVEIRO CS RB MPI,-82245
RME-655,Purchase of GM-S10 CABINE SIMPLES,-175555
RUT-928,Purchase of FIAT - ARGO DRIVE 1.0,-64061
YSL-670,Purchase of CHEVROLET-ONIX LT 1.0 FLEX,-58000
OCB-676,Purchase of TOYOTA-COROLLA XEi 2.0 FLEX,-90000
EAZ-370,Purchase of NISSAN-VERSA SV 1.6 FLEX,-67000
BNN-663,Purchase of FIAT-MOBI LIKE 1.0 FLEX,-48000
CMN-840,Purchase of HYUNDAI-HB20 1.6 COMFORT,-65000
OJZ-325,Purchase of MITSUBISHI-L200 TRITON GL 2.4 D 4X4 MT CD,-201850
UUK-807,Purchase of FORD-KA SE 1.0 FLEX,-50000
CIY-799,Purchase of HYUNDAI-HB20 1.6 COMFORT,-65000
JFB-313,Purchase of DUSTER OROCH EXPRESS 1.6 SCE,-88606
TDK-023,Purchase of NISSAN-VERSA SV 1.6 FLEX,-67000
DJL-450,Purchase of HONDA-CIVIC LX 2.0 FLEX,-95000
IQG-395,Purchase of HILUX CS DSL 4X4,-262854
QZW-905,Purchase of FIAT - ARGO DRIVE 1.0,-64061
MDG-559,Purchase of SAVEIRO CS RB MPI,-82245
KRD-190,Purchase of JEEP-RENEGADE SPORT 1.8 FLEX,-75000
MUF-384,Purchase of TOYOTA-HILUX CS 4X4,-172298
AJV-448,Purchase of FIAT-NOVA STRADA ENDURANCE CS 1.4,-81702
JMF-364,Purchase of VW-POLO 1.0 MPI,-54000
ALI-963,Purchase of FIAT-MOBI LIKE 1.0 FLEX,-48000
AOF-541,Purchase of TOYOTA-HILUX CD 4X4 STANDART,-162366
ZFT-826,Purchase of FIAT - ARGO DRIVE 1.0,-64061
KPB-507,Purchase of GM-S10 CABINE SIMPLES,-175555
VAK-203,Purchase of FORD-KA SE 1.0 FLEX,-50000
LSG-198,Purchase of FIAT-MOBI LIKE 1.0 FLEX,-48000
JAS-310,Purchase of VW-GOL TREND 1.6 FLEX 4P,-34083
OQF-185,Purchase of VW-POLO 1.0 MPI,-54000
ZPW-380,Purchase of TOYOTA-HILUX CD 4X4 STANDART,-162366
SLD-055,Purchase of FIAT-NOVA STRADA ENDURANCE CS 1.4,-81702
MUM-645,Purchase of JEEP-RENEGADE SPORT 1.8 FLEX,-75000
ESU-957,Purchase of MITSUBISHI-L200 TRITON GL 2.4 D 4X4 MT CD,-201850
SRB-372,Purchase of DUSTER OROCH EXPRESS 1.6 SCE,-88606
AOC-553,Purchase of GM-S10 CABINE SIMPLES,-175555
BNE-874,Purchase of FIAT - ARGO DRIVE 1.0,-64061
GYA-208,Purchase of RENAULT-SANDERO AUTHENTIQUE 1.0 FLEX,-52000
TRR-257,Purchase of TOYOTA-HILUX CS 4X4,-172298
PZT-616,Purchase of CHEVROLET-ONIX LT 1.0 FLEX,-58000
UPU-399,Purchase of FIAT-MOBI LIKE 1.0 FLEX,-48000
VCE-019,Purchase of HYUNDAI-HB20 1.6 COMFORT,-65000
QZY-715,Purchase of TOYOTA-COROLLA XEi 2.0 FLEX,-90000
CBX-632,Purchase of SAVEIRO CS RB MPI,-82245
JGU-736,Purchase of FORD-KA SE 1.0 FLEX,-50000
QPT-764,Purchase of GM-S10 CABINE SIMPLES,-175555
LVB-131,Purchase of MITSUBISHI-L200 TRITON GL 2.4 D 4X4 MT CD,-201850
LRU-146,Purchase of TOYOTA-HILUX CS 4X4,-172298
HJO-709,Purchase of FIAT - ARGO DRIVE 1.0,-64061
UWQ-135,Purchase of VW-POLO 1.0 MPI,-54000
OCA-892,Purchase of DUSTER OROCH EXPRESS 1.6 SCE,-88606
KJM-670,Purchase of SAVEIRO CS RB MPI,-82245
DIN-489,Purchase of HONDA-CIVIC LX 2.0 FLEX,-95000
DTV-499,Purchase of FORD-KA SE 1.0 FLEX,-50000
SLQ-576,Purchase of FIAT-MOBI LIKE 1.0 FLEX,-48000
KKY-177,Purchase of VW-GOL TREND 1.6 FLEX 4P,-34083
MUS-169,Purchase of FIAT-NOVA STRADA ENDURANCE CS 1.4,-81702
QPA-746,Purchase of RENAULT-SANDERO AUTHENTIQUE 1.0 FLEX,-52000
QBJ-395,Purchase of SAVEIRO CS RB MPI,-82245
KEN-539,Purchase of TOYOTA-COROLLA XEi 2.0 FLEX,-90000
ZQV-379,Purchase of SAVEIRO CS RB MPI,-82245
AXL-282,Purchase of DUSTER OROCH EXPRESS 1.6 SCE,-88606
FXV-017,Purchase of HONDA-CIVIC LX 2.0 FLEX,-95000
VGL-876,Purchase of FIAT-NOVA STRADA ENDURANCE CS 1.4,-81702
HYL-319,Purchase of TOYOTA-HILUX CS 4X4,-172298
RFW-520,Purchase of HILUX CS DSL 4X4,-262854
KPB-467,Purchase of TOYOTA-COROLLA XEi 2.0 FLEX,-90000
DOZ-619,Purchase of FIAT-NOVA STRADA ENDURANCE CS 1.4,-81702
ZGL-842,Purchase of FIAT - ARGO DRIVE 1.0,-64061
DVO-436,Purchase of DUSTER OROCH EXPRESS 1.6 SCE,-88606
KCL-928,Purchase of TOYOTA-HILUX CD 4X4 STANDART,-162366
AMB-411,Purchase of FIAT - ARGO DRIVE 1.0,-64061
CVB-588,Purchase of DUSTER OROCH EXPRESS 1.6 SCE,-88606
HGB-455,Purchase of HYUNDAI-HB20 1.6 COMFORT,-65000
TWA-343,Purchase of JEEP-RENEGADE SPORT 1.8 FLEX,-75000
CAG-885,Purchase of MITSUBISHI-L200 TRITON GL 2.4 D 4X4 MT CD,-201850
EDZ-920,Purchase of FIAT-MOBI LIKE 1.0 FLEX,-48000
ZHA-559,Purchase of VW-GOL TREND 1.6 FLEX 4P,-34083
WTC-265,Purchase of TOYOTA-COROLLA XEi 2.0 FLEX,-90000
JNJ-070,Purchase of FORD-KA SE 1.0 FLEX,-50000
KSA-781,Purchase of CHEVROLET-ONIX LT 1.0 FLEX,-58000
GMY-378,Purchase of SAVEIRO CS RB MPI,-82245
QGB-403,Purchase of HONDA-CIVIC LX 2.0 FLEX,-95000
UED-685,Purchase of DUSTER OROCH EXPRESS 1.6 SCE,-88606
AGF-807,Purchase of NISSAN-VERSA SV 1.6 FLEX,-67000
ZDH-101,Purchase of TOYOTA-COROLLA XEi 2.0 FLEX,-90000
YUE-919,Purchase of HILUX CS DSL 4X4,-262854
JJH-664,Purchase of HYUNDAI-HB20 1.6 COMFORT,-65000
PBK-990,Purchase of GM-S10 CABINE SIMPLES,-175555
FVJ-821,Purchase of FIAT-NOVA STRADA ENDURANCE CS 1.4,-81702
XUF-325,Purchase of RENAULT-SANDERO AUTHENTIQUE 1.0 FLEX,-52000
RYE-720,Purchase of FIAT-MOBI LIKE 1.0 FLEX,-48000
ZJK-814,Purchase of VW-POLO 1.0 MPI,-54000
MIP-623,Purchase of TOYOTA-HILUX CS 4X4,-172298
OPO-621,Purchase of FORD-KA SE 1.0 FLEX,-50000
YHJ-101,Purchase of FIAT - ARGO DRIVE 1.0,-64061
TMS-006,Purchase of VW-GOL TREND 1.6 FLEX 4P,-34083
UCP-273,Purchase of JEEP-RENEGADE SPORT 1.8 FLEX,-75000
PJH-057,Purchase of MITSUBISHI-L200 TRITON GL 2.4 D 4X4 MT CD,-201850
WOQ-415,Purchase of CHEVROLET-ONIX LT 1.0 FLEX,-58000
SSY-063,Purchase of NISSAN-VERSA SV 1.6 FLEX,-67000
UZK-958,Purchase of SAVEIRO CS RB MPI,-82245
FUR-464,Purchase of DUSTER OROCH EXPRESS 1.6 SCE,-88606
HOR-758,Purchase of TOYOTA-COROLLA XEi 2.0 FLEX,-90000
SSS-109,Purchase of VW-POLO 1.0 MPI,-54000
ZMX-460,Purchase of TOYOTA-HILUX CD 4X4 STANDART,-162366
FBB-042,Purchase of FORD-KA SE 1.0 FLEX,-50000
OMN-479,Purchase of FIAT-MOBI LIKE 1.0 FLEX,-48000
BMS-593,Purchase of JEEP-RENEGADE SPORT 1.8 FLEX,-75000
OLK-732,Purchase of FIAT - ARGO DRIVE 1.0,-64061
JRL-093,Purchase of HONDA-CIVIC LX 2.0 FLEX,-95000
EMN-802,Purchase of TOYOTA-HILUX CS 4X4,-172298
XHT-189,Purchase of GM-S10 CABINE SIMPLES,-175555
PBY-528,Purchase of HYUNDAI-HB20 1.6 COMFORT,-65000
FXI-577,Purchase of VW-GOL TREND 1.6 FLEX 4P,-34083
UUP-351,Purchase of TOYOTA-HILUX CS 4X4,-172298
ABD-703,Purchase of DUSTER OROCH EXPRESS 1.6 SCE,-88606
WVB-747,Purchase of VW-GOL TREND 1.6 FLEX 4P,-34083
HGZ-685,Purchase of JEEP-RENEGADE SPORT 1.8 FLEX,-75000
ZPY-920,Purchase of FIAT-NOVA STRADA ENDURANCE CS 1.4,-81702
SJP-772,Purchase of TOYOTA-HILUX CD 4X4 STANDART,-162366
PJA-767,Purchase of MITSUBISHI-L200 TRITON GL 2.4 D 4X4 MT CD,-201850
OPH-951,Purchase of FORD-KA SE 1.0 FLEX,-50000
NGY-598,Purchase of HYUNDAI-HB20 1.6 COMFORT,-65000
ELB-019,Purchase of SAVEIRO CS RB MPI,-82245
WBO-704,Purchase of RENAULT-SANDERO AUTHENTIQUE 1.0 FLEX,-52000
UFA-126,Purchase of TOYOTA-HILUX CS 4X4,-172298
VFE-236,Purchase of NISSAN-VERSA SV 1.6 FLEX,-67000
ZRS-216,Purchase of CHEVROLET-ONIX LT 1.0 FLEX,-58000
KYB-192,Purchase of TOYOTA-COROLLA XEi 2.0 FLEX,-90000
JTY-099,Purchase of FIAT-MOBI LIKE 1.0 FLEX,-48000
PRP-510,Purchase of CHEVROLET-ONIX LT 1.0 FLEX,-58000
ERY-665,Purchase of RENAULT-SANDERO AUTHENTIQUE 1.0 FLEX,-52000
KUH-949,Purchase of SAVEIRO CS RB MPI,-82245
BGJ-149,Purchase of VW-POLO 1.0 MPI,-54000
PGR-939,Purchase of HONDA-CIVIC LX 2.0 FLEX,-95000
KOM-507,Purchase of MITSUBISHI-L200 TRITON GL 2.4 D 4X4 MT CD,-201850
EKQ-997,Purchase of TOYOTA-HILUX CD 4X4 STANDART,-162366
YHV-805,Purchase of DUSTER OROCH EXPRESS 1.6 SCE,-88606
WMK-148,Purchase of HYUNDAI-HB20 1.6 COMFORT,-65000
YUX-131,Purchase of JEEP-RENEGADE SPORT 1.8 FLEX,-75000
GOS-134,Purchase of FIAT - ARGO DRIVE 1.0,-64061
XVM-262,Purchase of FIAT-MOBI LIKE 1.0 FLEX,-48000
ZTX-360,Purchase of FORD-KA SE 1.0 FLEX,-50000
HQH-279,Purchase of HONDA-CIVIC LX 2.0 FLEX,-95000
ORI-924,Purchase of HILUX CS DSL 4X4,-262854
MWX-067,Purchase of CHEVROLET-ONIX LT 1.0 FLEX,-58000
LDP-000,Purchase of VW-POLO 1.0 MPI,-54000
SCL-976,Purchase of VW-GOL TREND 1.6 FLEX 4P,-34083
ZLW-525,Purchase of FIAT-NOVA STRADA ENDURANCE CS 1.4,-81702
FDC-861,Purchase of SAVEIRO CS RB MPI,-82245
AWA-803,Purchase of VW-POLO 1.0 MPI,-54000
TGT-736,Purchase of TOYOTA-COROLLA XEi 2.0 FLEX,-90000
OST-810,Purchase of FORD-KA SE 1.0 FLEX,-50000
XDB-190,Purchase of DUSTER OROCH EXPRESS 1.6 SCE,-88606
EMB-978,Purchase of JEEP-RENEGADE SPORT 1.8 FLEX,-75000
LAM-435,Purchase of FIAT-NOVA STRADA ENDURANCE CS 1.4,-81702
NIH-505,Purchase of GM-S10 CABINE SIMPLES,-175555
LBA-757,Purchase of FIAT - ARGO DRIVE 1.0,-64061
FJT-404,Purchase of NISSAN-VERSA SV 1.6 FLEX,-67000
SAB-537,Purchase of MITSUBISHI-L200 TRITON GL 2.4 D 4X4 MT CD,-201850
VVY-305,Purchase of VW-GOL TREND 1.6 FLEX 4P,-34083
NDO-513,Purchase of HYUNDAI-HB20 1.6 COMFORT,-65000
VAS-581,Purchase of CHEVROLET-ONIX LT 1.0 FLEX,-58000
RLK-726,Purchase of FIAT-MOBI LIKE 1.0 FLEX,-48000
ZYA-502,Purchase of RENAULT-SANDERO AUTHENTIQUE 1.0 FLEX,-52000
IGR-920,Purchase of FIAT-MOBI LIKE 1.0 FLEX,-48000
PLX-442,Purchase of CHEVROLET-ONIX LT 1.0 FLEX,-58000
THR-529,Purchase of GM-S10 CABINE SIMPLES,-175555
NRV-927,Purchase of NISSAN-VERSA SV 1.6 FLEX,-67000
BPB-663,Purchase of FIAT - ARGO DRIVE 1.0,-64061
WYD-484,Purchase of VW-POLO 1.0 MPI,-54000
HRW-564,Purchase of FIAT-MOBI LIKE 1.0 FLEX,-48000
CFT-798,Purchase of CHEVROLET-ONIX LT 1.0 FLEX,-58000
KRC-382,Purchase of TOYOTA-HILUX CS 4X4,-172298
AFL-274,Purchase of FIAT - ARGO DRIVE 1.0,-64061
PZG-889,Purchase of RENAULT-SANDERO AUTHENTIQUE 1.0 FLEX,-52000
QKN-609,Purchase of MITSUBISHI-L200 TRITON GL 2.4 D 4X4 MT CD,-201850
GUF-702,Purchase of HILUX CS DSL 4X4,-262854
EPP-941,Purchase of NISSAN-VERSA SV 1.6 FLEX,-67000
FGA-254,Purchase of FIAT-MOBI LIKE 1.0 FLEX,-48000
OZJ-302,Purchase of CHEVROLET-ONIX LT 1.0 FLEX,-58000
RPU-933,Purchase of VW-GOL TREND 1.6 FLEX 4P,-34083
FJY-179,Purchase of SAVEIRO CS RB MPI,-82245
YNR-511,Purchase of TOYOTA-HILUX CD 4X4 STANDART,-162366
GVA-970,Purchase of HYUNDAI-HB20 1.6 COMFORT,-65000
CQL-500,Purchase of VW-POLO 1.0 MPI,-54000
LWN-356,Purchase of TOYOTA-HILUX CS 4X4,-172298
BVJ-050,Purchase of HONDA-CIVIC LX 2.0 FLEX,-95000
QDL-253,Purchase of TOYOTA-COROLLA XEi 2.0 FLEX,-90000
TRQ-195,Purchase of FORD-KA SE 1.0 FLEX,-50000
SKH-836,Purchase of NISSAN-VERSA SV 1.6 FLEX,-67000
OTN-137,Purchase of HYUNDAI-HB20 1.6 COMFORT,-65000
EGP-714,Purchase of VW-GOL TREND 1.6 FLEX 4P,-34083
EYP-375,Purchase of RENAULT-SANDERO AUTHENTIQUE 1.0 FLEX,-52000
DCF-830,Purchase of HONDA-CIVIC LX 2.0 FLEX,-95000
EQC-728,Purchase of TOYOTA-HILUX CD 4X4 STANDART,-162366
LQV-347,Purchase of GM-S10 CABINE SIMPLES,-175555
REX-576,Purchase of MITSUBISHI-L200 TRITON GL 2.4 D 4X4 MT CD,-201850
YIC-435,Purchase of FIAT-MOBI LIKE 1.0 FLEX,-48000
PQH-861,Purchase of CHEVROLET-ONIX LT 1.0 FLEX,-58000
DEM-632,Purchase of JEEP-RENEGADE SPORT 1.8 FLEX,-75000
CHU-153,Purchase of FIAT-NOVA STRADA ENDURANCE CS 1.4,-81702
WBX-515,Purchase of VW-POLO 1.0 MPI,-54000
ALE-379,Purchase of HONDA-CIVIC LX 2.0 FLEX,-95000
QZW-837,Purchase of HILUX CS DSL 4X4,-262854
BEH-316,Purchase of FIAT-MOBI LIKE 1.0 FLEX,-48000
AWV-700,Purchase of DUSTER OROCH EXPRESS 1.6 SCE,-88606
OKU-870,Purchase of FORD-KA SE 1.0 FLEX,-50000
GJR-448,Purchase of VW-GOL TREND 1.6 FLEX 4P,-34083
WIL-421,Purchase of HONDA-CIVIC LX 2.0 FLEX,-95000
JFG-811,Purchase of HYUNDAI-HB20 1.6 COMFORT,-65000
LSA-858,Purchase of HILUX CS DSL 4X4,-262854
INT-436,Purchase of FORD-KA SE 1.0 FLEX,-50000
GBW-223,Purchase of DUSTER OROCH EXPRESS 1.6 SCE,-88606
LTZ-517,Purchase of FIAT-NOVA STRADA ENDURANCE CS 1.4,-81702
HMG-286,Purchase of RENAULT-SANDERO AUTHENTIQUE 1.0 FLEX,-52000
XBC-964,Purchase of VW-POLO 1.0 MPI,-54000
ORF-383,Purchase of FIAT - ARGO DRIVE 1.0,-64061
RLE-436,Purchase of TOYOTA-HILUX CS 4X4,-172298
DLY-966,Purchase of NISSAN-VERSA SV 1.6 FLEX,-67000
VEA-795,Purchase of TOYOTA-HILUX CD 4X4 STANDART,-162366
ABT-535,Purchase of SAVEIRO CS RB MPI,-82245
GDE-138,Purchase of TOYOTA-COROLLA XEi 2.0 FLEX,-90000
YBO-284,Purchase of FORD-KA SE 1.0 FLEX,-50000
PYD-371,Purchase of CHEVROLET-ONIX LT 1.0 FLEX,-58000
AIH-830,Purchase of MITSUBISHI-L200 TRITON GL 2.4 D 4X4 MT CD,-201850
AVQ-081,Purchase of FIAT-MOBI LIKE 1.0 FLEX,-48000
IXW-157,Purchase of FIAT-NOVA STRADA ENDURANCE CS 1.4,-81702
SSI-063,Purchase of JEEP-RENEGADE SPORT 1.8 FLEX,-75000
MUB-563,Purchase of HYUNDAI-HB20 1.6 COMFORT,-65000
PAN-222,Purchase of SAVEIRO CS RB MPI,-82245
VLY-307,Purchase of CHEVROLET-ONIX LT 1.0 FLEX,-58000
MFR-950,Purchase of FIAT - ARGO DRIVE 1.0,-64061
UHL-593,Purchase of CHEVROLET-ONIX LT 1.0 FLEX,-58000
UQY-520,Purchase of FIAT-MOBI LIKE 1.0 FLEX,-48000
YPY-777,Purchase of NISSAN-VERSA SV 1.6 FLEX,-67000
ZDG-383,Purchase of VW-POLO 1.0 MPI,-54000
IJP-505,Purchase of DUSTER OROCH EXPRESS 1.6 SCE,-88606
HSJ-163,Purchase of TOYOTA-HILUX CS 4X4,-172298
TLH-089,Purchase of TOYOTA-HILUX CD 4X4 STANDART,-162366
TPM-953,Purchase of MITSUBISHI-L200 TRITON GL 2.4 D 4X4 MT CD,-201850
WLI-094,Purchase of HILUX CS DSL 4X4,-262854
OMO-155,Purchase of TOYOTA-HILUX CD 4X4 STANDART,-162366
AOB-455,Purchase of SAVEIRO CS RB MPI,-82245
HTI-937,Purchase of CHEVROLET-ONIX LT 1.0 FLEX,-58000
QYF-484,Purchase of HONDA-CIVIC LX 2.0 FLEX,-95000
YFX-539,Purchase of FORD-KA SE 1.0 FLEX,-50000
CSH-646,Purchase of JEEP-RENEGADE SPORT 1.8 FLEX,-75000
BZO-855,Purchase of TOYOTA-HILUX CS 4X4,-172298
EIT-781,Purchase of FIAT - ARGO DRIVE 1.0,-64061
RCF-820,Purchase of RENAULT-SANDERO AUTHENTIQUE 1.0 FLEX,-52000
YGI-277,Purchase of DUSTER OROCH EXPRESS 1.6 SCE,-88606
EJF-331,Purchase of HYUNDAI-HB20 1.6 COMFORT,-65000
GEA-111,Purchase of NISSAN-VERSA SV 1.6 FLEX,-67000
UGF-846,Purchase of FIAT - ARGO DRIVE 1.0,-64061
IIY-581,Purchase of JEEP-RENEGADE SPORT 1.8 FLEX,-75000
IXD-972,Purchase of HILUX CS DSL 4X4,-262854
AGM-069,Purchase of HYUNDAI-HB20 1.6 COMFORT,-65000
OLA-901,Purchase of FIAT-MOBI LIKE 1.0 FLEX,-48000
FGF-540,Purchase of VW-GOL TREND 1.6 FLEX 4P,-34083
BSW-089,Purchase of DUSTER OROCH EXPRESS 1.6 SCE,-88606
ULI-786,Purchase of TOYOTA-HILUX CD 4X4 STANDART,-162366
LGR-766,Purchase of FORD-KA SE 1.0 FLEX,-50000
FKG-639,Purchase of NISSAN-VERSA SV 1.6 FLEX,-67000
SPV-378,Purchase of VW-POLO 1.0 MPI,-54000
BCE-582,Purchase of CHEVROLET-ONIX LT 1.0 FLEX,-58000
ZVM-183,Purchase of TOYOTA-HILUX CS 4X4,-172298
WAD-166,Purchase of MITSUBISHI-L200 TRITON GL 2.4 D 4X4 MT CD,-201850
QDE-278,Purchase of GM-S10 CABINE SIMPLES,-175555
CCB-396,Purchase of HYUNDAI-HB20 1.6 COMFORT,-65000
VCI-556,Purchase of HILUX CS DSL 4X4,-262854
SMM-468,Purchase of VW-POLO 1.0 MPI,-54000
BJR-818,Purchase of MITSUBISHI-L200 TRITON GL 2.4 D 4X4 MT CD,-201850
HFO-900,Purchase of TOYOTA-HILUX CS 4X4,-172298
OEJ-342,Purchase of NISSAN-VERSA SV 1.6 FLEX,-67000
YZL-869,Purchase of RENAULT-SANDERO AUTHENTIQUE 1.0 FLEX,-52000
MIS-809,Purchase of CHEVROLET-ONIX LT 1.0 FLEX,-58000
AON-265,Purchase of HONDA-CIVIC LX 2.0 FLEX,-95000
DOS-536,Purchase of TOYOTA-COROLLA XEi 2.0 FLEX,-90000
NCF-915,Purchase of VW-GOL TREND 1.6 FLEX 4P,-34083
EZN-259,Purchase of CHEVROLET-ONIX LT 1.0 FLEX,-58000
GDL-567,Purchase of TOYOTA-HILUX CS 4X4,-172298
PDQ-048,Purchase of FIAT-NOVA STRADA ENDURANCE CS 1.4,-81702
MDY-800,Purchase of NISSAN-VERSA SV 1.6 FLEX,-67000
OBS-736,Purchase of FIAT-MOBI LIKE 1.0 FLEX,-48000
XDG-549,Purchase of TOYOTA-COROLLA XEi 2.0 FLEX,-90000
MOK-283,Purchase of JEEP-RENEGADE SPORT 1.8 FLEX,-75000
CCJ-298,Purchase of MITSUBISHI-L200 TRITON GL 2.4 D 4X4 MT CD,-201850
FFX-690,Purchase of HYUNDAI-HB20 1.6 COMFORT,-65000
TFM-697,Purchase of HILUX CS DSL 4X4,-262854
IIW-380,Purchase of HONDA-CIVIC LX 2.0 FLEX,-95000
LTG-582,Purchase of FIAT - ARGO DRIVE 1.0,-64061
SMJ-436,Purchase of DUSTER OROCH EXPRESS 1.6 SCE,-88606
IUF-210,Purchase of SAVEIRO CS RB MPI,-82245
KZW-102,Purchase of FORD-KA SE 1.0 FLEX,-50000
YGY-403,Purchase of RENAULT-SANDERO AUTHENTIQUE 1.0 FLEX,-52000
LTF-730,Purchase of VW-POLO 1.0 MPI,-54000
EDP-508,Purchase of TOYOTA-HILUX CD 4X4 STANDART,-162366
JHS-980,Purchase of FIAT-NOVA STRADA ENDURANCE CS 1.4,-81702
YPD-936,Purchase of CHEVROLET-ONIX LT 1.0 FLEX,-58000
AUI-914,Purchase of TOYOTA-HILUX CS 4X4,-172298
VZZ-789,Purchase of NISSAN-VERSA SV 1.6 FLEX,-67000
QWW-916,Purchase of TOYOTA-COROLLA XEi 2.0 FLEX,-90000
JWW-335,Purchase of DUSTER OROCH EXPRESS 1.6 SCE,-88606
MPO-501,Purchase of FIAT-MOBI LIKE 1.0 FLEX,-48000
TWB-917,Purchase of TOYOTA-COROLLA XEi 2.0 FLEX,-90000
NXE-689,Purchase of HILUX CS DSL 4X4,-262854
EVJ-554,Purchase of MITSUBISHI-L200 TRITON GL 2.4 D 4X4 MT CD,-201850
VSA-282,Purchase of VW-GOL TREND 1.6 FLEX 4P,-34083
JMQ-075,Purchase of DUSTER OROCH EXPRESS 1.6 SCE,-88606
HOV-325,Purchase of HONDA-CIVIC LX 2.0 FLEX,-95000
VSB-434,Purchase of VW-POLO 1.0 MPI,-54000
IIN-229,Purchase of FIAT-NOVA STRADA ENDURANCE CS 1.4,-81702
JCW-858,Purchase of TOYOTA-COROLLA XEi 2.0 FLEX,-90000
PZZ-926,Purchase of FORD-KA SE 1.0 FLEX,-50000
DDS-151,Purchase of HILUX CS DSL 4X4,-262854
SMI-234,Purchase of FIAT - ARGO DRIVE 1.0,-64061
RCW-861,Purchase of SAVEIRO CS RB MPI,-82245
YNT-184,Purchase of TOYOTA-HILUX CD 4X4 STANDART,-162366
VTQ-108,Purchase of NISSAN-VERSA SV 1.6 FLEX,-67000
QYV-018,Purchase of JEEP-RENEGADE SPORT 1.8 FLEX,-75000
UZB-091,Purchase of CHEVROLET-ONIX LT 1.0 FLEX,-58000
OYO-886,Purchase of FIAT-MOBI LIKE 1.0 FLEX,-48000
DRU-968,Purchase of RENAULT-SANDERO AUTHENTIQUE 1.0 FLEX,-52000
NDH-258,Purchase of MITSUBISHI-L200 TRITON GL 2.4 D 4X4 MT CD,-201850
LAC-674,Purchase of HYUNDAI-HB20 1.6 COMFORT,-65000
UWI-363,Purchase of TOYOTA-HILUX CS 4X4,-172298
EIW-541,Purchase of TOYOTA-COROLLA XEi 2.0 FLEX,-90000
JHA-704,Purchase of CHEVROLET-ONIX LT 1.0 FLEX,-58000
PCJ-223,Purchase of TOYOTA-HILUX CD 4X4 STANDART,-162366
NJO-905,Purchase of HILUX CS DSL 4X4,-262854
RCA-314,Purchase of VW-POLO 1.0 MPI,-54000
VJO-272,Purchase of RENAULT-SANDERO AUTHENTIQUE 1.0 FLEX,-52000
DAI-511,Purchase of GM-S10 CABINE SIMPLES,-175555
KNJ-158,Purchase of TOYOTA-HILUX CS 4X4,-172298
QBM-794,Purchase of HYUNDAI-HB20 1.6 COMFORT,-65000
JVA-073,Purchase of NISSAN-VERSA SV 1.6 FLEX,-67000
MSM-884,Purchase of HILUX CS DSL 4X4,-262854
NGW-246,Purchase of FIAT-NOVA STRADA ENDURANCE CS 1.4,-81702
JYK-186,Purchase of VW-POLO 1.0 MPI,-54000
NRI-385,Purchase of RENAULT-SANDERO AUTHENTIQUE 1.0 FLEX,-52000
HTU-793,Purchase of VW-GOL TREND 1.6 FLEX 4P,-34083
KNU-567,Purchase of FORD-KA SE 1.0 FLEX,-50000
AKM-647,Purchase of MITSUBISHI-L200 TRITON GL 2.4 D 4X4 MT CD,-201850
TXO-253,Purchase of HYUNDAI-HB20 1.6 COMFORT,-65000
UNA-652,Purchase of JEEP-RENEGADE SPORT 1.8 FLEX,-75000
PWA-048,Purchase of MITSUBISHI-L200 TRITON GL 2.4 D 4X4 MT CD,-201850
NDZ-963,Purchase of CHEVROLET-ONIX LT 1.0 FLEX,-58000
XSG-351,Purchase of NISSAN-VERSA SV 1.6 FLEX,-67000
VPW-140,Purchase of HILUX CS DSL 4X4,-262854
QMX-111,Purchase of FIAT-MOBI LIKE 1.0 FLEX,-48000
YRV-925,Purchase of SAVEIRO CS RB MPI,-82245
IZX-547,Purchase of TOYOTA-HILUX CD 4X4 STANDART,-162366
HSV-792,Purchase of TOYOTA-COROLLA XEi 2.0 FLEX,-90000
RDZ-134,Purchase of FIAT-MOBI LIKE 1.0 FLEX,-48000
TSP-204,Purchase of FIAT - ARGO DRIVE 1.0,-64061
WFK-401,Purchase of GM-S10 CABINE SIMPLES,-175555
PEF-683,Purchase of DUSTER OROCH EXPRESS 1.6 SCE,-88606
YDP-027,Purchase of SAVEIRO CS RB MPI,-82245
UHC-840,Purchase of TOYOTA-HILUX CS 4X4,-172298
ICK-853,Purchase of HYUNDAI-HB20 1.6 COMFORT,-65000
ZTE-895,Purchase of VW-GOL TREND 1.6 FLEX 4P,-34083
PGF-511,Purchase of CHEVROLET-ONIX LT 1.0 FLEX,-58000
QWH-972,Purchase of VW-POLO 1.0 MPI,-54000
VDW-120,Purchase of SAVEIRO CS RB MPI,-82245
IGY-824,Purchase of JEEP-RENEGADE SPORT 1.8 FLEX,-75000
IIP-018,Purchase of VW-POLO 1.0 MPI,-54000
WIJ-508,Purchase of FIAT - ARGO DRIVE 1.0,-64061
ZYW-481,Purchase of GM-S10 CABINE SIMPLES,-175555
CUI-786,Purchase of CHEVROLET-ONIX LT 1.0 FLEX,-58000
SYJ-354,Purchase of VW-GOL TREND 1.6 FLEX 4P,-34083
ZLB-475,Purchase of MITSUBISHI-L200 TRITON GL 2.4 D 4X4 MT CD,-201850
MEN-296,Purchase of DUSTER OROCH EXPRESS 1.6 SCE,-88606
RQM-612,Purchase of HILUX CS DSL 4X4,-262854
QWR-343,Purchase of TOYOTA-HILUX CS 4X4,-172298
GJV-876,Purchase of NISSAN-VERSA SV 1.6 FLEX,-67000
VLK-540,Purchase of FORD-KA SE 1.0 FLEX,-50000
NLJ-483,Purchase of FIAT-MOBI LIKE 1.0 FLEX,-48000
GXC-212,Purchase of HONDA-CIVIC LX 2.0 FLEX,-95000
NLG-783,Purchase of RENAULT-SANDERO AUTHENTIQUE 1.0 FLEX,-52000
EXM-609,Purchase of TOYOTA-COROLLA XEi 2.0 FLEX,-90000
UEQ-081,Purchase of TOYOTA-HILUX CD 4X4 STANDART,-162366
CWA-030,Purchase of FIAT-NOVA STRADA ENDURANCE CS 1.4,-81702
WKB-085,Purchase of FIAT-NOVA STRADA ENDURANCE CS 1.4,-81702
EJO-145,Purchase of VW-POLO 1.0 MPI,-54000
VUJ-478,Purchase of GM-S10 CABINE SIMPLES,-175555
BSI-755,Purchase of VW-GOL TREND 1.6 FLEX 4P,-34083
NMC-025,Purchase of CHEVROLET-ONIX LT 1.0 FLEX,-58000
MFL-077,Purchase of SAVEIRO CS RB MPI,-82245
EGA-111,Purchase of FIAT-MOBI LIKE 1.0 FLEX,-48000
SVW-596,Purchase of DUSTER OROCH EXPRESS 1.6 SCE,-88606
RTV-728,Purchase of NISSAN-VERSA SV 1.6 FLEX,-67000
CCN-528,Purchase of FORD-KA SE 1.0 FLEX,-50000
FRZ-383,Purchase of CHEVROLET-ONIX LT 1.0 FLEX,-58000
HAG-935,Purchase of HILUX CS DSL 4X4,-262854
AFI-294,Purchase of NISSAN-VERSA SV 1.6 FLEX,-67000
SHC-149,Purchase of VW-POLO 1.0 MPI,-54000
XSG-956,Purchase of FIAT - ARGO DRIVE 1.0,-64061
CQF-786,Purchase of DUSTER OROCH EXPRESS 1.6 SCE,-88606
MMI-886,Purchase of JEEP-RENEGADE SPORT 1.8 FLEX,-75000
NAF-070,Purchase of VW-POLO 1.0 MPI,-54000
CBT-308,Purchase of VW-GOL TREND 1.6 FLEX 4P,-34083
FCO-982,Purchase of HYUNDAI-HB20 1.6 COMFORT,-65000
KSA-411,Purchase of RENAULT-SANDERO AUTHENTIQUE 1.0 FLEX,-52000
MGF-179,Purchase of FIAT-NOVA STRADA ENDURANCE CS 1.4,-81702
GHR-186,Purchase of GM-S10 CABINE SIMPLES,-175555
CKG-786,Purchase of MITSUBISHI-L200 TRITON GL 2.4 D 4X4 MT CD,-201850
SQP-808,Purchase of HILUX CS DSL 4X4,-262854
FME-355,Purchase of FIAT-MOBI LIKE 1.0 FLEX,-48000
UIA-647,Purchase of SAVEIRO CS RB MPI,-82245
BAA-225,Purchase of TOYOTA-HILUX CD 4X4 STANDART,-162366
MXN-594,Purchase of TOYOTA-COROLLA XEi 2.0 FLEX,-90000
JFB-002,Purchase of NISSAN-VERSA SV 1.6 FLEX,-67000
LCS-886,Purchase of TOYOTA-HILUX CS 4X4,-172298
CFU-763,Purchase of HONDA-CIVIC LX 2.0 FLEX,-95000
HTZ-206,Purchase of FORD-KA SE 1.0 FLEX,-50000
NZG-236,Purchase of GM-S10 CABINE SIMPLES,-175555
DAD-022,Purchase of JEEP-RENEGADE SPORT 1.8 FLEX,-75000
QAH-774,Purchase of FIAT-NOVA STRADA ENDURANCE CS 1.4,-81702
KLB-383,Purchase of NISSAN-VERSA SV 1.6 FLEX,-67000
OZG-902,Purchase of HYUNDAI-HB20 1.6 COMFORT,-65000
XJO-493,Purchase of CHEVROLET-ONIX LT 1.0 FLEX,-58000
AWY-411,Purchase of DUSTER OROCH EXPRESS 1.6 SCE,-88606
YTI-604,Purchase of TOYOTA-COROLLA XEi 2.0 FLEX,-90000
OIF-255,Purchase of FIAT-MOBI LIKE 1.0 FLEX,-48000
AFI-029,Purchase of FORD-KA SE 1.0 FLEX,-50000
SYH-060,Purchase of FIAT-NOVA STRADA ENDURANCE CS 1.4,-81702
UOC-254,Purchase of MITSUBISHI-L200 TRITON GL 2.4 D 4X4 MT CD,-201850
XVH-418,Purchase of GM-S10 CABINE SIMPLES,-175555
BRE-060,Purchase of RENAULT-SANDERO AUTHENTIQUE 1.0 FLEX,-52000
LGL-666,Purchase of SAVEIRO CS RB MPI,-82245
DCJ-124,Purchase of VW-GOL TREND 1.6 FLEX 4P,-34083
VOL-158,Purchase of TOYOTA-COROLLA XEi 2.0 FLEX,-90000
SCK-558,Purchase of JEEP-RENEGADE SPORT 1.8 FLEX,-75000
BDX-154,Purchase of FIAT-MOBI LIKE 1.0 FLEX,-48000
XKB-345,Purchase of FIAT - ARGO DRIVE 1.0,-64061
CMN-654,Purchase of HILUX CS DSL 4X4,-262854
SLY-135,Purchase of VW-GOL TREND 1.6 FLEX 4P,-34083
PAP-147,Purchase of HONDA-CIVIC LX 2.0 FLEX,-95000
ZTB-241,Purchase of NISSAN-VERSA SV 1.6 FLEX,-67000
TWS-875,Purchase of JEEP-RENEGADE SPORT 1.8 FLEX,-75000
VGA-992,Purchase of GM-S10 CABINE SIMPLES,-175555
XNR-467,Purchase of HYUNDAI-HB20 1.6 COMFORT,-65000
VOH-328,Purchase of VW-POLO 1.0 MPI,-54000
YKL-725,Purchase of DUSTER OROCH EXPRESS 1.6 SCE,-88606
KHU-898,Purchase of FORD-KA SE 1.0 FLEX,-50000
TGJ-471,Purchase of SAVEIRO CS RB MPI,-82245
GQF-480,Purchase of TOYOTA-HILUX CD 4X4 STANDART,-162366
CAO-028,Purchase of HONDA-CIVIC LX 2.0 FLEX,-95000
XLI-301,Purchase of FIAT - ARGO DRIVE 1.0,-64061
PHY-131,Purchase of VW-GOL TREND 1.6 FLEX 4P,-34083
HHN-999,Purchase of RENAULT-SANDERO AUTHENTIQUE 1.0 FLEX,-52000
KXG-006,Purchase of HILUX CS DSL 4X4,-262854
UJW-834,Purchase of CHEVROLET-ONIX LT 1.0 FLEX,-58000
SEN-589,Purchase of NISSAN-VERSA SV 1.6 FLEX,-67000
MHR-066,Purchase of FIAT-NOVA STRADA ENDURANCE CS 1.4,-81702
SQO-169,Purchase of FIAT-MOBI LIKE 1.0 FLEX,-48000
HFF-789,Purchase of MITSUBISHI-L200 TRITON GL 2.4 D 4X4 MT CD,-201850
WFT-390,Purchase of JEEP-RENEGADE SPORT 1.8 FLEX,-75000
ICR-467,Purchase of VW-POLO 1.0 MPI,-54000
MBG-772,Purchase of TOYOTA-HILUX CS 4X4,-172298
LPM-911,Purchase of DUSTER OROCH EXPRESS 1.6 SCE,-88606
ZJQ-023,Purchase of HONDA-CIVIC LX 2.0 FLEX,-95000
TVA-992,Purchase of HILUX CS DSL 4X4,-262854
TOV-395,Purchase of FORD-KA SE 1.0 FLEX,-50000
BMZ-767,Purchase of FIAT-MOBI LIKE 1.0 FLEX,-48000
SJZ-832,Purchase of JEEP-RENEGADE SPORT 1.8 FLEX,-75000
VOE-136,Purchase of TOYOTA-COROLLA XEi 2.0 FLEX,-90000
DCB-004,Purchase of CHEVROLET-ONIX LT 1.0 FLEX,-58000
FCJ-006,Purchase of VW-POLO 1.0 MPI,-54000
IYM-970,Purchase of TOYOTA-HILUX CS 4X4,-172298
ENC-070,Purchase of GM-S10 CABINE SIMPLES,-175555
RAV-908,Purchase of RENAULT-SANDERO AUTHENTIQUE 1.0 FLEX,-52000
QJH-192,Purchase of NISSAN-VERSA SV 1.6 FLEX,-67000
IPG-182,Purchase of FIAT-NOVA STRADA ENDURANCE CS 1.4,-81702
CND-541,Purchase of HYUNDAI-HB20 1.6 COMFORT,-65000
YMH-978,Purchase of RENAULT-SANDERO AUTHENTIQUE 1.0 FLEX,-52000
VXV-729,Purchase of VW-GOL TREND 1.6 FLEX 4P,-34083
HDF-758,Purchase of FIAT-NOVA STRADA ENDURANCE CS 1.4,-81702
OUV-785,Purchase of SAVEIRO CS RB MPI,-82245
BWN-036,Purchase of MITSUBISHI-L200 TRITON GL 2.4 D 4X4 MT CD,-201850
UEF-241,Purchase of VW-POLO 1.0 MPI,-54000
FWD-412,Purchase of TOYOTA-HILUX CS 4X4,-172298
BTH-398,Purchase of TOYOTA-HILUX CD 4X4 STANDART,-162366
YLW-677,Purchase of TOYOTA-COROLLA XEi 2.0 FLEX,-90000
HKI-517,Purchase of NISSAN-VERSA SV 1.6 FLEX,-67000
MOU-731,Purchase of HILUX CS DSL 4X4,-262854
OTU-413,Purchase of HONDA-CIVIC LX 2.0 FLEX,-95000
VCM-927,Purchase of FIAT-MOBI LIKE 1.0 FLEX,-48000
VJR-684,Purchase of FIAT - ARGO DRIVE 1.0,-64061
EBK-456,Purchase of MITSUBISHI-L200 TRITON GL 2.4 D 4X4 MT CD,-201850
KCD-695,Purchase of DUSTER OROCH EXPRESS 1.6 SCE,-88606
JYH-833,Purchase of VW-GOL TREND 1.6 FLEX 4P,-34083
ABI-969,Purchase of GM-S10 CABINE SIMPLES,-175555
HIS-665,Purchase of HILUX CS DSL 4X4,-262854
EHO-898,Purchase of FORD-KA SE 1.0 FLEX,-50000
UNO-453,Purchase of HYUNDAI-HB20 1.6 COMFORT,-65000
QHE-070,Purchase of TOYOTA-HILUX CD 4X4 STANDART,-162366
YHN-731,Purchase of CHEVROLET-ONIX LT 1.0 FLEX,-58000
BRF-833,Purchase of HONDA-CIVIC LX 2.0 FLEX,-95000
GOV-064,Purchase of VW-POLO 1.0 MPI,-54000
QLF-893,Purchase of JEEP-RENEGADE SPORT 1.8 FLEX,-75000
CFY-808,Purchase of TOYOTA-COROLLA XEi 2.0 FLEX,-90000
TCS-883,Purchase of VW-GOL TREND 1.6 FLEX 4P,-34083
MNE-498,Purchase of FIAT-MOBI LIKE 1.0 FLEX,-48000
EVR-754,Purchase of CHEVROLET-ONIX LT 1.0 FLEX,-58000
DMP-110,Purchase of VW-POLO 1.0 MPI,-54000
XMM-591,Purchase of HYUNDAI-HB20 1.6 COMFORT,-65000
CTE-425,Purchase of TOYOTA-HILUX CS 4X4,-172298
ZSR-027,Purchase of SAVEIRO CS RB MPI,-82245
BND-954,Purchase of FIAT - ARGO DRIVE 1.0,-64061
CRK-811,Purchase of HONDA-CIVIC LX 2.0 FLEX,-95000
VRD-716,Purchase of TOYOTA-HILUX CD 4X4 STANDART,-162366
OYU-545,Purchase of MITSUBISHI-L200 TRITON GL 2.4 D 4X4 MT CD,-201850
ZBU-292,Purchase of GM-S10 CABINE SIMPLES,-175555
GYQ-594,Purchase of RENAULT-SANDERO AUTHENTIQUE 1.0 FLEX,-52000
XAO-035,Purchase of VW-GOL TREND 1.6 FLEX 4P,-34083
CEL-806,Purchase of TOYOTA-HILUX CS 4X4,-172298
RTQ-316,Purchase of JEEP-RENEGADE SPORT 1.8 FLEX,-75000
QYA-078,Purchase of TOYOTA-COROLLA XEi 2.0 FLEX,-90000
UOE-569,Purchase of FIAT-MOBI LIKE 1.0 FLEX,-48000
OQM-676,Purchase of HYUNDAI-HB20 1.6 COMFORT,-65000
LME-231,Purchase of DUSTER OROCH EXPRESS 1.6 SCE,-88606
AEW-452,Purchase of CHEVROLET-ONIX LT 1.0 FLEX,-58000
QDQ-075,Purchase of HILUX CS DSL 4X4,-262854
HRS-589,Purchase of SAVEIRO CS RB MPI,-82245
BBO-489,Purchase of FORD-KA SE 1.0 FLEX,-50000
PZV-442,Purchase of VW-POLO 1.0 MPI,-54000
EUA-338,Purchase of HONDA-CIVIC LX 2.0 FLEX,-95000
DIB-460,Purchase of FIAT - ARGO DRIVE 1.0,-64061
EOX-944,Purchase of HYUNDAI-HB20 1.6 COMFORT,-65000
FDK-867,Purchase of FIAT-NOVA STRADA ENDURANCE CS 1.4,-81702
HSF-509,Purchase of MITSUBISHI-L200 TRITON GL 2.4 D 4X4 MT CD,-201850
NEY-089,Purchase of DUSTER OROCH EXPRESS 1.6 SCE,-88606
GEU-768,Purchase of FORD-KA SE 1.0 FLEX,-50000
CPX-506,Purchase of HILUX CS DSL 4X4,-262854
SPV-690,Purchase of GM-S10 CABINE SIMPLES,-175555
YRL-042,Purchase of JEEP-RENEGADE SPORT 1.8 FLEX,-75000
LNK-072,Purchase of CHEVROLET-ONIX LT 1.0 FLEX,-58000
KXH-803,Purchase of VW-GOL TREND 1.6 FLEX 4P,-34083
VZU-004,Purchase of TOYOTA-HILUX CS 4X4,-172298
FBF-291,Purchase of FORD-KA SE 1.0 FLEX,-50000
QSO-637,Purchase of SAVEIRO CS RB MPI,-82245
ZSU-052,Purchase of VW-POLO 1.0 MPI,-54000
COI-793,Purchase of HILUX CS DSL 4X4,-262854
MPE-481,Purchase of FIAT - ARGO DRIVE 1.0,-64061
LIJ-728,Purchase of RENAULT-SANDERO AUTHENTIQUE 1.0 FLEX,-52000
BLV-621,Purchase of HONDA-CIVIC LX 2.0 FLEX,-95000
SYT-257,Purchase of TOYOTA-HILUX CD 4X4 STANDART,-162366
JDI-403,Purchase of NISSAN-VERSA SV 1.6 FLEX,-67000
LQG-040,Purchase of DUSTER OROCH EXPRESS 1.6 SCE,-88606
EAV-933,Purchase of MITSUBISHI-L200 TRITON GL 2.4 D 4X4 MT CD,-201850
NVX-335,Purchase of FIAT-MOBI LIKE 1.0 FLEX,-48000
QVG-478,Purchase of HYUNDAI-HB20 1.6 COMFORT,-65000
FRJ-532,Purchase of JEEP-RENEGADE SPORT 1.8 FLEX,-75000
WVX-990,Purchase of FIAT-NOVA STRADA ENDURANCE CS 1.4,-81702
HIX-195,Purchase of GM-S10 CABINE SIMPLES,-175555
CAL-430,Purchase of FORD-KA SE 1.0 FLEX,-50000
NGC-722,Purchase of RENAULT-SANDERO AUTHENTIQUE 1.0 FLEX,-52000
EGK-775,Purchase of NISSAN-VERSA SV 1.6 FLEX,-67000
TSJ-653,Purchase of VW-GOL TREND 1.6 FLEX 4P,-34083
VRB-580,Purchase of FIAT - ARGO DRIVE 1.0,-64061
EXU-392,Purchase of JEEP-RENEGADE SPORT 1.8 FLEX,-75000
KGY-325,Purchase of SAVEIRO CS RB MPI,-82245
NWL-655,Purchase of FIAT-MOBI LIKE 1.0 FLEX,-48000
NYE-445,Purchase of MITSUBISHI-L200 TRITON GL 2.4 D 4X4 MT CD,-201850
ZSZ-269,Purchase of FIAT-NOVA STRADA ENDURANCE CS 1.4,-81702
UDW-755,Purchase of TOYOTA-COROLLA XEi 2.0 FLEX,-90000
YUT-502,Purchase of GM-S10 CABINE SIMPLES,-175555
CIL-446,Purchase of TOYOTA-HILUX CS 4X4,-172298
VTB-351,Purchase of DUSTER OROCH EXPRESS 1.6 SCE,-88606
ZPY-034,Purchase of VW-POLO 1.0 MPI,-54000
KVV-013,Purchase of HONDA-CIVIC LX 2.0 FLEX,-95000
LSW-155,Purchase of VW-POLO 1.0 MPI,-54000
KVD-530,Purchase of RENAULT-SANDERO AUTHENTIQUE 1.0 FLEX,-52000
NOC-566,Purchase of TOYOTA-HILUX CS 4X4,-172298
ZGM-075,Purchase of FORD-KA SE 1.0 FLEX,-50000
SFY-839,Purchase of JEEP-RENEGADE SPORT 1.8 FLEX,-75000
JZF-100,Purchase of SAVEIRO CS RB MPI,-82245
KXZ-402,Purchase of DUSTER OROCH EXPRESS 1.6 SCE,-88606
XNE-892,Purchase of FIAT-MOBI LIKE 1.0 FLEX,-48000
TKC-627,Purchase of FIAT - ARGO DRIVE 1.0,-64061
LHA-673,Purchase of MITSUBISHI-L200 TRITON GL 2.4 D 4X4 MT CD,-201850
PBN-380,Purchase of HILUX CS DSL 4X4,-262854
JQD-784,Purchase of FORD-KA SE 1.0 FLEX,-50000
JVP-551,Purchase of GM-S10 CABINE SIMPLES,-175555
FWN-751,Purchase of VW-POLO 1.0 MPI,-54000
NPM-479,Purchase of TOYOTA-HILUX CD 4X4 STANDART,-162366
WEL-471,Purchase of TOYOTA-COROLLA XEi 2.0 FLEX,-90000
FZZ-127,Purchase of VW-GOL TREND 1.6 FLEX 4P,-34083
EEV-107,Purchase of RENAULT-SANDERO AUTHENTIQUE 1.0 FLEX,-52000
KSB-341,Purchase of HONDA-CIVIC LX 2.0 FLEX,-95000
UVO-402,Purchase of TOYOTA-HILUX CS 4X4,-172298
PIV-967,Purchase of FIAT-NOVA STRADA ENDURANCE CS 1.4,-81702
PDZ-345,Purchase of NISSAN-VERSA SV 1.6 FLEX,-67000
TDH-704,Purchase of RENAULT-SANDERO AUTHENTIQUE 1.0 FLEX,-52000
PRD-184,Purchase of JEEP-RENEGADE SPORT 1.8 FLEX,-75000
KRL-499,Purchase of HYUNDAI-HB20 1.6 COMFORT,-65000
ZMG-335,Purchase of NISSAN-VERSA SV 1.6 FLEX,-67000
FDL-502,Purchase of HONDA-CIVIC LX 2.0 FLEX,-95000
AKK-837,Purchase of HILUX CS DSL 4X4,-262854
RBI-303,Purchase of CHEVROLET-ONIX LT 1.0 FLEX,-58000
OPX-334,Purchase of TOYOTA-COROLLA XEi 2.0 FLEX,-90000
MAU-400,Purchase of NISSAN-VERSA SV 1.6 FLEX,-67000
OSH-131,Purchase of TOYOTA-HILUX CS 4X4,-172298
LCZ-781,Purchase of TOYOTA-HILUX CD 4X4 STANDART,-162366
OZR-417,Purchase of HYUNDAI-HB20 1.6 COMFORT,-65000
HHA-272,Purchase of VW-GOL TREND 1.6 FLEX 4P,-34083
EDY-025,Purchase of DUSTER OROCH EXPRESS 1.6 SCE,-88606
XSN-106,Purchase of FORD-KA SE 1.0 FLEX,-50000
EGF-683,Purchase of MITSUBISHI-L200 TRITON GL 2.4 D 4X4 MT CD,-201850
XWT-582,Purchase of FIAT-MOBI LIKE 1.0 FLEX,-48000
WVR-827,Purchase of VW-GOL TREND 1.6 FLEX 4P,-34083
GUB-858,Purchase of FORD-KA SE 1.0 FLEX,-50000
ZLW-001,Purchase of NISSAN-VERSA SV 1.6 FLEX,-67000
GXQ-893,Purchase of TOYOTA-HILUX CS 4X4,-172298
NNS-298,Purchase of FIAT - ARGO DRIVE 1.0,-64061
QKQ-927,Purchase of HONDA-CIVIC LX 2.0 FLEX,-95000
IMK-359,Purchase of DUSTER OROCH EXPRESS 1.6 SCE,-88606
QWA-019,Purchase of NISSAN-VERSA SV 1.6 FLEX,-67000
GKY-392,Purchase of GM-S10 CABINE SIMPLES,-175555
ZAN-227,Purchase of HYUNDAI-HB20 1.6 COMFORT,-65000
OKC-658,Purchase of FIAT-MOBI LIKE 1.0 FLEX,-48000
NFT-971,Purchase of TOYOTA-HILUX CS 4X4,-172298
KRS-191,Purchase of DUSTER OROCH EXPRESS 1.6 SCE,-88606
FTW-340,Purchase of RENAULT-SANDERO AUTHENTIQUE 1.0 FLEX,-52000
HZC-605,Purchase of FIAT-MOBI LIKE 1.0 FLEX,-48000
LCC-256,Purchase of NISSAN-VERSA SV 1.6 FLEX,-67000
PLM-216,Purchase of FORD-KA SE 1.0 FLEX,-50000
NYK-778,Purchase of GM-S10 CABINE SIMPLES,-175555
WOZ-931,Purchase of HILUX CS DSL 4X4,-262854
NCW-136,Purchase of FIAT - ARGO DRIVE 1.0,-64061
WHY-441,Purchase of GM-S10 CABINE SIMPLES,-175555
NHR-198,Purchase of HILUX CS DSL 4X4,-262854
YXP-330,Purchase of SAVEIRO CS RB MPI,-82245
EAB-333,Purchase of HONDA-CIVIC LX 2.0 FLEX,-95000
BJC-745,Purchase of RENAULT-SANDERO AUTHENTIQUE 1.0 FLEX,-52000
ELG-522,Purchase of CHEVROLET-ONIX LT 1.0 FLEX,-58000
FFH-782,Purchase of VW-POLO 1.0 MPI,-54000
WXT-715,Purchase of FIAT-NOVA STRADA ENDURANCE CS 1.4,-81702
AVQ-632,Purchase of CHEVROLET-ONIX LT 1.0 FLEX,-58000
SSK-490,Purchase of HYUNDAI-HB20 1.6 COMFORT,-65000
LIZ-881,Purchase of NISSAN-VERSA SV 1.6 FLEX,-67000
PPS-918,Purchase of FORD-KA SE 1.0 FLEX,-50000
TWP-526,Purchase of GM-S10 CABINE SIMPLES,-175555
JAH-520,Purchase of HILUX CS DSL 4X4,-262854
OIT-303,Purchase of TOYOTA-HILUX CD 4X4 STANDART,-162366
AAE-253,Purchase of RENAULT-SANDERO AUTHENTIQUE 1.0 FLEX,-52000
QGR-073,Purchase of MITSUBISHI-L200 TRITON GL 2.4 D 4X4 MT CD,-201850
UEE-793,Purchase of HILUX CS DSL 4X4,-262854
UXP-398,Purchase of FIAT-MOBI LIKE 1.0 FLEX,-48000
GAU-882,Purchase of DUSTER OROCH EXPRESS 1.6 SCE,-88606
LCZ-361,Purchase of FIAT-NOVA STRADA ENDURANCE CS 1.4,-81702
DPV-074,Purchase of HYUNDAI-HB20 1.6 COMFORT,-65000
ZEI-803,Purchase of GM-S10 CABINE SIMPLES,-175555
LYX-982,Purchase of FIAT - ARGO DRIVE 1.0,-64061
DKS-494,Purchase of MITSUBISHI-L200 TRITON GL 2.4 D 4X4 MT CD,-201850
PSI-652,Purchase of FORD-KA SE 1.0 FLEX,-50000
YJT-102,Purchase of TOYOTA-HILUX CS 4X4,-172298
WGU-021,Purchase of HONDA-CIVIC LX 2.0 FLEX,-95000
MYA-897,Purchase of VW-POLO 1.0 MPI,-54000
ORI-428,Purchase of HILUX CS DSL 4X4,-262854
NVT-511,Purchase of DUSTER OROCH EXPRESS 1.6 SCE,-88606
MSO-700,Purchase of TOYOTA-HILUX CD 4X4 STANDART,-162366
ZNZ-900,Purchase of FIAT-MOBI LIKE 1.0 FLEX,-48000
PEO-916,Purchase of CHEVROLET-ONIX LT 1.0 FLEX,-58000
XAV-384,Purchase of TOYOTA-HILUX CD 4X4 STANDART,-162366
PCE-965,Purchase of MITSUBISHI-L200 TRITON GL 2.4 D 4X4 MT CD,-201850
HMN-388,Purchase of CHEVROLET-ONIX LT 1.0 FLEX,-58000
PTB-281,Purchase of TOYOTA-HILUX CS 4X4,-172298
YYB-589,Purchase of VW-GOL TREND 1.6 FLEX 4P,-34083
UOP-409,Purchase of DUSTER OROCH EXPRESS 1.6 SCE,-88606
FKF-773,Purchase of FIAT-MOBI LIKE 1.0 FLEX,-48000
JXE-900,Purchase of JEEP-RENEGADE SPORT 1.8 FLEX,-75000
MKR-934,Purchase of GM-S10 CABINE SIMPLES,-175555
QOH-278,Purchase of TOYOTA-COROLLA XEi 2.0 FLEX,-90000
TLS-504,Purchase of HONDA-CIVIC LX 2.0 FLEX,-95000
BXQ-877,Purchase of NISSAN-VERSA SV 1.6 FLEX,-67000
JRD-531,Purchase of VW-POLO 1.0 MPI,-54000
RNB-692,Purchase of HYUNDAI-HB20 1.6 COMFORT,-65000
FAU-766,Purchase of HONDA-CIVIC LX 2.0 FLEX,-95000
QAF-736,Purchase of NISSAN-VERSA SV 1.6 FLEX,-67000
JYX-410,Purchase of FIAT - ARGO DRIVE 1.0,-64061
UPK-479,Purchase of JEEP-RENEGADE SPORT 1.8 FLEX,-75000
DSB-724,Purchase of TOYOTA-COROLLA XEi 2.0 FLEX,-90000
CTJ-748,Purchase of GM-S10 CABINE SIMPLES,-175555
CZD-213,Purchase of TOYOTA-HILUX CS 4X4,-172298
SVS-005,Purchase of FIAT-NOVA STRADA ENDURANCE CS 1.4,-81702
XLD-917,Purchase of TOYOTA-HILUX CD 4X4 STANDART,-162366
UDM-162,Purchase of CHEVROLET-ONIX LT 1.0 FLEX,-58000
PYM-392,Purchase of RENAULT-SANDERO AUTHENTIQUE 1.0 FLEX,-52000
OBX-621,Purchase of HILUX CS DSL 4X4,-262854
PNC-061,Purchase of VW-POLO 1.0 MPI,-54000
KFO-206,Purchase of TOYOTA-COROLLA XEi 2.0 FLEX,-90000
WRP-711,Purchase of SAVEIRO CS RB MPI,-82245
UCS-965,Purchase of HONDA-CIVIC LX 2.0 FLEX,-95000
UPT-915,Purchase of HILUX CS DSL 4X4,-262854
MMG-476,Purchase of DUSTER OROCH EXPRESS 1.6 SCE,-88606
AJV-323,Purchase of HYUNDAI-HB20 1.6 COMFORT,-65000
FOD-974,Purchase of FORD-KA SE 1.0 FLEX,-50000
UOC-464,Purchase of FIAT-NOVA STRADA ENDURANCE CS 1.4,-81702
KYM-622,Purchase of JEEP-RENEGADE SPORT 1.8 FLEX,-75000
GEW-364,Purchase of FIAT-MOBI LIKE 1.0 FLEX,-48000
KBC-058,Purchase of VW-POLO 1.0 MPI,-54000
FWJ-816,Purchase of TOYOTA-HILUX CD 4X4 STANDART,-162366
MUL-312,Purchase of VW-GOL TREND 1.6 FLEX 4P,-34083
FDF-321,Purchase of TOYOTA-HILUX CS 4X4,-172298
VIT-436,Purchase of MITSUBISHI-L200 TRITON GL 2.4 D 4X4 MT CD,-201850
IHH-108,Purchase of NISSAN-VERSA SV 1.6 FLEX,-67000
OFR-046,Purchase of RENAULT-SANDERO AUTHENTIQUE 1.0 FLEX,-52000
WGG-203,Purchase of JEEP-RENEGADE SPORT 1.8 FLEX,-75000
WJM-457,Purchase of FORD-KA SE 1.0 FLEX,-50000
XJZ-119,Purchase of RENAULT-SANDERO AUTHENTIQUE 1.0 FLEX,-52000
LNI-953,Purchase of FIAT-NOVA STRADA ENDURANCE CS 1.4,-81702
CXS-373,Purchase of GM-S10 CABINE SIMPLES,-175555
XSP-609,Purchase of TOYOTA-HILUX CD 4X4 STANDART,-162366
IIT-711,Purchase of FIAT-MOBI LIKE 1.0 FLEX,-48000
SKQ-009,Purchase of FIAT - ARGO DRIVE 1.0,-64061
CHQ-216,Purchase of NISSAN-VERSA SV 1.6 FLEX,-67000
YFU-329,Purchase of FIAT-NOVA STRADA ENDURANCE CS 1.4,-81702
FJZ-247,Purchase of TOYOTA-COROLLA XEi 2.0 FLEX,-90000
LIG-041,Purchase of GM-S10 CABINE SIMPLES,-175555
RVQ-566,Purchase of DUSTER OROCH EXPRESS 1.6 SCE,-88606
SDQ-053,Purchase of HYUNDAI-HB20 1.6 COMFORT,-65000
RYI-970,Purchase of HILUX CS DSL 4X4,-262854
HVY-292,Purchase of HONDA-CIVIC LX 2.0 FLEX,-95000
QSD-222,Purchase of MITSUBISHI-L200 TRITON GL 2.4 D 4X4 MT CD,-201850
ZPD-487,Purchase of TOYOTA-HILUX CS 4X4,-172298
RFZ-670,Purchase of VW-POLO 1.0 MPI,-54000
HBI-650,Purchase of FORD-KA SE 1.0 FLEX,-50000
CXW-560,Purchase of RENAULT-SANDERO AUTHENTIQUE 1.0 FLEX,-52000
KSC-838,Purchase of SAVEIRO CS RB MPI,-82245
HOC-897,Purchase of CHEVROLET-ONIX LT 1.0 FLEX,-58000
ZML-407,Purchase of FIAT-MOBI LIKE 1.0 FLEX,-48000
IQT-088,Purchase of GM-S10 CABINE SIMPLES,-175555
EXA-349,Purchase of VW-GOL TREND 1.6 FLEX 4P,-34083
OOP-674,Purchase of RENAULT-SANDERO AUTHENTIQUE 1.0 FLEX,-52000
FZK-192,Purchase of TOYOTA-COROLLA XEi 2.0 FLEX,-90000
UAK-871,Purchase of VW-POLO 1.0 MPI,-54000
WMB-189,Purchase of HILUX CS DSL 4X4,-262854
OEI-913,Purchase of MITSUBISHI-L200 TRITON GL 2.4 D 4X4 MT CD,-201850
UKR-937,Purchase of NISSAN-VERSA SV 1.6 FLEX,-67000
KYI-427,Purchase of SAVEIRO CS RB MPI,-82245
PRV-325,Purchase of CHEVROLET-ONIX LT 1.0 FLEX,-58000
PAD-445,Purchase of HYUNDAI-HB20 1.6 COMFORT,-65000
XFG-736,Purchase of FORD-KA SE 1.0 FLEX,-50000
TTH-881,Purchase of TOYOTA-HILUX CD 4X4 STANDART,-162366
MHT-842,Purchase of FIAT-NOVA STRADA ENDURANCE CS 1.4,-81702
LON-741,Purchase of FIAT - ARGO DRIVE 1.0,-64061
LAR-828,Purchase of DUSTER OROCH EXPRESS 1.6 SCE,-88606
UOP-288,Purchase of FORD-KA SE 1.0 FLEX,-50000
QXB-556,Purchase of TOYOTA-HILUX CD 4X4 STANDART,-162366
KOU-952,Purchase of GM-S10 CABINE SIMPLES,-175555
OBA-376,Purchase of NISSAN-VERSA SV 1.6 FLEX,-67000
XDD-986,Purchase of HILUX CS DSL 4X4,-262854
JTJ-890,Purchase of RENAULT-SANDERO AUTHENTIQUE 1.0 FLEX,-52000
QYH-879,Purchase of VW-GOL TREND 1.6 FLEX 4P,-34083
WWB-400,Purchase of FIAT-NOVA STRADA ENDURANCE CS 1.4,-81702
FWB-211,Purchase of FIAT-MOBI LIKE 1.0 FLEX,-48000
XBP-772,Purchase of TOYOTA-COROLLA XEi 2.0 FLEX,-90000
ICE-043,Purchase of SAVEIRO CS RB MPI,-82245
ZWB-887,Purchase of CHEVROLET-ONIX LT 1.0 FLEX,-58000
YAW-725,Purchase of HYUNDAI-HB20 1.6 COMFORT,-65000
TEY-112,Purchase of DUSTER OROCH EXPRESS 1.6 SCE,-88606
PCJ-764,Purchase of TOYOTA-HILUX CS 4X4,-172298
MUL-874,Purchase of VW-POLO 1.0 MPI,-54000
CAS-188,Purchase of HONDA-CIVIC LX 2.0 FLEX,-95000
AEX-721,Purchase of GM-S10 CABINE SIMPLES,-175555
FUQ-352,Purchase of TOYOTA-COROLLA XEi 2.0 FLEX,-90000
KQP-941,Purchase of HILUX CS DSL 4X4,-262854
MXT-655,Purchase of FORD-KA SE 1.0 FLEX,-50000
ADG-978,Purchase of HONDA-CIVIC LX 2.0 FLEX,-95000
PMC-922,Purchase of MITSUBISHI-L200 TRITON GL 2.4 D 4X4 MT CD,-201850
QST-718,Purchase of TOYOTA-HILUX CD 4X4 STANDART,-162366
NIS-321,Purchase of RENAULT-SANDERO AUTHENTIQUE 1.0 FLEX,-52000
SAQ-736,Purchase of FIAT - ARGO DRIVE 1.0,-64061
VGA-702,Purchase of GM-S10 CABINE SIMPLES,-175555
VOB-317,Purchase of DUSTER OROCH EXPRESS 1.6 SCE,-88606
SPD-416,Purchase of HYUNDAI-HB20 1.6 COMFORT,-65000
PYR-322,Purchase of FIAT-MOBI LIKE 1.0 FLEX,-48000
IMC-670,Purchase of SAVEIRO CS RB MPI,-82245
WUR-267,Purchase of FIAT-NOVA STRADA ENDURANCE CS 1.4,-81702
FWO-406,Purchase of FORD-KA SE 1.0 FLEX,-50000
NMP-232,Purchase of VW-GOL TREND 1.6 FLEX 4P,-34083
ZRR-053,Purchase of VW-POLO 1.0 MPI,-54000
EKN-203,Purchase of NISSAN-VERSA SV 1.6 FLEX,-67000
TEN-331,Purchase of JEEP-RENEGADE SPORT 1.8 FLEX,-75000
GGM-669,Purchase of RENAULT-SANDERO AUTHENTIQUE 1.0 FLEX,-52000
ZBJ-789,Purchase of FIAT - ARGO DRIVE 1.0,-64061
WZK-470,Purchase of TOYOTA-COROLLA XEi 2.0 FLEX,-90000
HRQ-097,Purchase of FIAT-NOVA STRADA ENDURANCE CS 1.4,-81702
MUM-365,Purchase of HYUNDAI-HB20 1.6 COMFORT,-65000
HUA-262,Purchase of SAVEIRO CS RB MPI,-82245
DRX-113,Purchase of NISSAN-VERSA SV 1.6 FLEX,-67000
WEX-432,Purchase of TOYOTA-HILUX CD 4X4 STANDART,-162366
ZQW-369,Purchase of FIAT-MOBI LIKE 1.0 FLEX,-48000
IUU-662,Purchase of MITSUBISHI-L200 TRITON GL 2.4 D 4X4 MT CD,-201850
QYF-937,Purchase of MITSUBISHI-L200 TRITON GL 2.4 D 4X4 MT CD,-201850
UBY-507,Purchase of GM-S10 CABINE SIMPLES,-175555
PMM-179,Purchase of TOYOTA-COROLLA XEi 2.0 FLEX,-90000
CNN-609,Purchase of TOYOTA-HILUX CD 4X4 STANDART,-162366
XQZ-914,Purchase of VW-POLO 1.0 MPI,-54000
HPA-683,Purchase of RENAULT-SANDERO AUTHENTIQUE 1.0 FLEX,-52000
NDT-351,Purchase of HYUNDAI-HB20 1.6 COMFORT,-65000
SGO-201,Purchase of HILUX CS DSL 4X4,-262854
VUF-234,Purchase of SAVEIRO CS RB MPI,-82245
POY-175,Purchase of FIAT-NOVA STRADA ENDURANCE CS 1.4,-81702
JZU-665,Purchase of RENAULT-SANDERO AUTHENTIQUE 1.0 FLEX,-52000
TQC-528,Purchase of JEEP-RENEGADE SPORT 1.8 FLEX,-75000
QEL-168,Purchase of TOYOTA-COROLLA XEi 2.0 FLEX,-90000
TLD-120,Purchase of CHEVROLET-ONIX LT 1.0 FLEX,-58000
UID-622,Purchase of FORD-KA SE 1.0 FLEX,-50000
TRK-698,Purchase of HONDA-CIVIC LX 2.0 FLEX,-95000
QGD-703,Purchase of FIAT-MOBI LIKE 1.0 FLEX,-48000
GJA-017,Purchase of NISSAN-VERSA SV 1.6 FLEX,-67000
EOQ-441,Purchase of MITSUBISHI-L200 TRITON GL 2.4 D 4X4 MT CD,-201850
EPD-690,Purchase of DUSTER OROCH EXPRESS 1.6 SCE,-88606
AKY-777,Purchase of SAVEIRO CS RB MPI,-82245
BML-016,Purchase of TOYOTA-HILUX CS 4X4,-172298
UHX-085,Purchase of HILUX CS DSL 4X4,-262854
EZK-850,Purchase of TOYOTA-HILUX CD 4X4 STANDART,-162366
SXO-078,Purchase of HYUNDAI-HB20 1.6 COMFORT,-65000
MUA-855,Purchase of FIAT - ARGO DRIVE 1.0,-64061
AZY-822,Purchase of GM-S10 CABINE SIMPLES,-175555
BRP-655,Purchase of VW-GOL TREND 1.6 FLEX 4P,-34083
LZT-983,Purchase of VW-POLO 1.0 MPI,-54000
OIB-225,Purchase of GM-S10 CABINE SIMPLES,-175555
KNX-251,Purchase of SAVEIRO CS RB MPI,-82245
KNE-720,Purchase of FORD-KA SE 1.0 FLEX,-50000
BFU-643,Purchase of DUSTER OROCH EXPRESS 1.6 SCE,-88606
ZEE-232,Purchase of TOYOTA-HILUX CS 4X4,-172298
DTG-800,Purchase of NISSAN-VERSA SV 1.6 FLEX,-67000
MFW-098,Purchase of CHEVROLET-ONIX LT 1.0 FLEX,-58000
CJP-248,Purchase of JEEP-RENEGADE SPORT 1.8 FLEX,-75000
MOK-056,Purchase of VW-POLO 1.0 MPI,-54000
ZKR-504,Purchase of FIAT-MOBI LIKE 1.0 FLEX,-48000
PAD-166,Purchase of MITSUBISHI-L200 TRITON GL 2.4 D 4X4 MT CD,-201850
VIB-143,Purchase of FIAT - ARGO DRIVE 1.0,-64061
KPQ-030,Purchase of VW-GOL TREND 1.6 FLEX 4P,-34083
ZZY-396,Purchase of TOYOTA-HILUX CD 4X4 STANDART,-162366
IOC-633,Purchase of TOYOTA-COROLLA XEi 2.0 FLEX,-90000
MOM-299,Purchase of HYUNDAI-HB20 1.6 COMFORT,-65000
QKL-959,Purchase of VW-GOL TREND 1.6 FLEX 4P,-34083
QGL-961,Purchase of NISSAN-VERSA SV 1.6 FLEX,-67000
LQY-641,Purchase of GM-S10 CABINE SIMPLES,-175555
TWT-678,Purchase of JEEP-RENEGADE SPORT 1.8 FLEX,-75000
AWW-303,Purchase of SAVEIRO CS RB MPI,-82245
HFV-060,Purchase of FORD-KA SE 1.0 FLEX,-50000
UCV-164,Purchase of HONDA-CIVIC LX 2.0 FLEX,-95000
MQW-039,Purchase of VW-POLO 1.0 MPI,-54000
BWQ-860,Purchase of FIAT - ARGO DRIVE 1.0,-64061
ZGL-684,Purchase of HILUX CS DSL 4X4,-262854
SKH-313,Purchase of TOYOTA-COROLLA XEi 2.0 FLEX,-90000
OQK-682,Purchase of RENAULT-SANDERO AUTHENTIQUE 1.0 FLEX,-52000
VXX-535,Purchase of MITSUBISHI-L200 TRITON GL 2.4 D 4X4 MT CD,-201850
KSF-145,Purchase of HYUNDAI-HB20 1.6 COMFORT,-65000
IBH-459,Purchase of DUSTER OROCH EXPRESS 1.6 SCE,-88606
YFH-161,Purchase of MITSUBISHI-L200 TRITON GL 2.4 D 4X4 MT CD,-201850
TOC-393,Purchase of HILUX CS DSL 4X4,-262854
GCR-520,Purchase of RENAULT-SANDERO AUTHENTIQUE 1.0 FLEX,-52000
OMN-433,Purchase of SAVEIRO CS RB MPI,-82245
NIE-398,Purchase of FIAT-MOBI LIKE 1.0 FLEX,-48000
HVL-031,Purchase of HONDA-CIVIC LX 2.0 FLEX,-95000
HPT-645,Purchase of GM-S10 CABINE SIMPLES,-175555
IHF-836,Purchase of CHEVROLET-ONIX LT 1.0 FLEX,-58000
DQB-630,Purchase of TOYOTA-HILUX CS 4X4,-172298
JFK-838,Purchase of TOYOTA-HILUX CD 4X4 STANDART,-162366
JYT-803,Purchase of FORD-KA SE 1.0 FLEX,-50000
KFU-870,Purchase of TOYOTA-COROLLA XEi 2.0 FLEX,-90000
BVN-636,Purchase of VW-GOL TREND 1.6 FLEX 4P,-34083
HQM-581,Purchase of FIAT - ARGO DRIVE 1.0,-64061
NIO-859,Purchase of HONDA-CIVIC LX 2.0 FLEX,-95000
KSK-018,Purchase of HYUNDAI-HB20 1.6 COMFORT,-65000
WXT-567,Purchase of NISSAN-VERSA SV 1.6 FLEX,-67000
HEB-828,Purchase of SAVEIRO CS RB MPI,-82245
UVT-631,Purchase of TOYOTA-COROLLA XEi 2.0 FLEX,-90000
NSN-409,Purchase of JEEP-RENEGADE SPORT 1.8 FLEX,-75000
QJC-604,Purchase of HYUNDAI-HB20 1.6 COMFORT,-65000
DSG-022,Purchase of TOYOTA-HILUX CD 4X4 STANDART,-162366
PHW-766,Purchase of FIAT-MOBI LIKE 1.0 FLEX,-48000
DFG-061,Purchase of FIAT - ARGO DRIVE 1.0,-64061
FWE-900,Purchase of DUSTER OROCH EXPRESS 1.6 SCE,-88606
VPK-420,Purchase of FIAT-NOVA STRADA ENDURANCE CS 1.4,-81702
QJR-140,Purchase of TOYOTA-HILUX CD 4X4 STANDART,-162366
LNP-382,Purchase of FORD-KA SE 1.0 FLEX,-50000
WFJ-807,Purchase of RENAULT-SANDERO AUTHENTIQUE 1.0 FLEX,-52000
WMC-455,Purchase of HONDA-CIVIC LX 2.0 FLEX,-95000
IQD-195,Purchase of VW-POLO 1.0 MPI,-54000
CXU-095,Purchase of MITSUBISHI-L200 TRITON GL 2.4 D 4X4 MT CD,-201850
MGH-061,Purchase of SAVEIRO CS RB MPI,-82245
EQT-997,Purchase of VW-GOL TREND 1.6 FLEX 4P,-34083
WMT-698,Purchase of CHEVROLET-ONIX LT 1.0 FLEX,-58000
RSB-023,Purchase of GM-S10 CABINE SIMPLES,-175555
AQQ-508,Purchase of HYUNDAI-HB20 1.6 COMFORT,-65000
KJF-498,Purchase of TOYOTA-COROLLA XEi 2.0 FLEX,-90000
YQK-533,Purchase of JEEP-RENEGADE SPORT 1.8 FLEX,-75000
IBY-583,Purchase of TOYOTA-HILUX CS 4X4,-172298
ZII-572,Purchase of FIAT-NOVA STRADA ENDURANCE CS 1.4,-81702
ILX-004,Purchase of VW-POLO 1.0 MPI,-54000
JFU-802,Purchase of FIAT - ARGO DRIVE 1.0,-64061
HOE-006,Purchase of TOYOTA-COROLLA XEi 2.0 FLEX,-90000
SRQ-658,Purchase of DUSTER OROCH EXPRESS 1.6 SCE,-88606
QSS-203,Purchase of RENAULT-SANDERO AUTHENTIQUE 1.0 FLEX,-52000
THC-522,Purchase of CHEVROLET-ONIX LT 1.0 FLEX,-58000
KVF-205,Purchase of SAVEIRO CS RB MPI,-82245
FXU-762,Purchase of HILUX CS DSL 4X4,-262854
CBC-134,Purchase of GM-S10 CABINE SIMPLES,-175555
JWE-122,Purchase of HYUNDAI-HB20 1.6 COMFORT,-65000
BBS-475,Purchase of HONDA-CIVIC LX 2.0 FLEX,-95000
WGM-551,Purchase of VW-GOL TREND 1.6 FLEX 4P,-34083
LPP-819,Purchase of JEEP-RENEGADE SPORT 1.8 FLEX,-75000
YCU-734,Purchase of TOYOTA-HILUX CD 4X4 STANDART,-162366
RGE-920,Purchase of TOYOTA-HILUX CS 4X4,-172298
CYF-769,Purchase of MITSUBISHI-L200 TRITON GL 2.4 D 4X4 MT CD,-201850
HMC-586,Purchase of FIAT-MOBI LIKE 1.0 FLEX,-48000
BEI-344,Purchase of FORD-KA SE 1.0 FLEX,-50000
DLL-850,Purchase of DUSTER OROCH EXPRESS 1.6 SCE,-88606
VLF-836,Purchase of SAVEIRO CS RB MPI,-82245
ZCK-224,Purchase of GM-S10 CABINE SIMPLES,-175555
OKN-814,Purchase of FIAT-MOBI LIKE 1.0 FLEX,-48000
GGJ-388,Purchase of RENAULT-SANDERO AUTHENTIQUE 1.0 FLEX,-52000
UKE-845,Purchase of TOYOTA-COROLLA XEi 2.0 FLEX,-90000
XJC-618,Purchase of VW-GOL TREND 1.6 FLEX 4P,-34083
YTP-413,Purchase of CHEVROLET-ONIX LT 1.0 FLEX,-58000
CUU-011,Purchase of NISSAN-VERSA SV 1.6 FLEX,-67000
FTV-146,Purchase of FIAT - ARGO DRIVE 1.0,-64061
KAF-946,Purchase of HYUNDAI-HB20 1.6 COMFORT,-65000
OKX-979,Purchase of FIAT-NOVA STRADA ENDURANCE CS 1.4,-81702
ISH-454,Purchase of HONDA-CIVIC LX 2.0 FLEX,-95000
MUU-852,Purchase of VW-POLO 1.0 MPI,-54000
RZS-586,Purchase of JEEP-RENEGADE SPORT 1.8 FLEX,-75000
PGI-151,Purchase of TOYOTA-HILUX CD 4X4 STANDART,-162366
UYW-627,Purchase of VW-POLO 1.0 MPI,-54000
QCT-844,Purchase of FIAT-MOBI LIKE 1.0 FLEX,-48000
BGL-337,Purchase of GM-S10 CABINE SIMPLES,-175555
FFH-351,Purchase of TOYOTA-HILUX CD 4X4 STANDART,-162366
BLY-560,Purchase of JEEP-RENEGADE SPORT 1.8 FLEX,-75000
SSV-106,Purchase of HYUNDAI-HB20 1.6 COMFORT,-65000
ENV-613,Purchase of NISSAN-VERSA SV 1.6 FLEX,-67000
UAA-069,Purchase of DUSTER OROCH EXPRESS 1.6 SCE,-88606
MMB-108,Purchase of FORD-KA SE 1.0 FLEX,-50000
QAA-427,Purchase of HILUX CS DSL 4X4,-262854
LLY-441,Purchase of SAVEIRO CS RB MPI,-82245
NQC-314,Purchase of FIAT - ARGO DRIVE 1.0,-64061
LLJ-391,Purchase of TOYOTA-HILUX CS 4X4,-172298
HZL-992,Purchase of HONDA-CIVIC LX 2.0 FLEX,-95000
GHY-488,Purchase of RENAULT-SANDERO AUTHENTIQUE 1.0 FLEX,-52000
NGM-072,Purchase of MITSUBISHI-L200 TRITON GL 2.4 D 4X4 MT CD,-201850
EBX-895,Purchase of VW-GOL TREND 1.6 FLEX 4P,-34083
EDM-574,Purchase of CHEVROLET-ONIX LT 1.0 FLEX,-58000
TPJ-079,Purchase of GM-S10 CABINE SIMPLES,-175555
BCH-872,Purchase of TOYOTA-HILUX CS 4X4,-172298
WNO-636,Purchase of TOYOTA-COROLLA XEi 2.0 FLEX,-90000
HYE-188,Purchase of DUSTER OROCH EXPRESS 1.6 SCE,-88606
DCI-678,Purchase of NISSAN-VERSA SV 1.6 FLEX,-67000
DKD-240,Purchase of FIAT-NOVA STRADA ENDURANCE CS 1.4,-81702
VLJ-659,Purchase of FORD-KA SE 1.0 FLEX,-50000
VGW-091,Purchase of HYUNDAI-HB20 1.6 COMFORT,-65000
AFS-047,Purchase of CHEVROLET-ONIX LT 1.0 FLEX,-58000
FDM-043,Purchase of VW-GOL TREND 1.6 FLEX 4P,-34083
FNC-609,Purchase of HYUNDAI-HB20 1.6 COMFORT,-65000
OWW-793,Purchase of VW-GOL TREND 1.6 FLEX 4P,-34083
ZUE-361,Purchase of CHEVROLET-ONIX LT 1.0 FLEX,-58000
CXK-626,Purchase of MITSUBISHI-L200 TRITON GL 2.4 D 4X4 MT CD,-201850
PRL-920,Purchase of GM-S10 CABINE SIMPLES,-175555
NKG-412,Purchase of FIAT-MOBI LIKE 1.0 FLEX,-48000
PKB-161,Purchase of SAVEIRO CS RB MPI,-82245
PQB-212,Purchase of DUSTER OROCH EXPRESS 1.6 SCE,-88606
DAQ-642,Purchase of FIAT - ARGO DRIVE 1.0,-64061
SYQ-904,Purchase of NISSAN-VERSA SV 1.6 FLEX,-67000
UJZ-135,Purchase of HONDA-CIVIC LX 2.0 FLEX,-95000
IOP-034,Purchase of TOYOTA-HILUX CS 4X4,-172298
SXX-711,Purchase of JEEP-RENEGADE SPORT 1.8 FLEX,-75000
IQS-530,Purchase of FIAT-NOVA STRADA ENDURANCE CS 1.4,-81702
NJB-984,Purchase of FORD-KA SE 1.0 FLEX,-50000
IRB-658,Purchase of SAVEIRO CS RB MPI,-82245
EGG-448,Purchase of VW-GOL TREND 1.6 FLEX 4P,-34083
DZZ-072,Purchase of RENAULT-SANDERO AUTHENTIQUE 1.0 FLEX,-52000
JCV-069,Purchase of TOYOTA-HILUX CS 4X4,-172298
OHY-959,Purchase of MITSUBISHI-L200 TRITON GL 2.4 D 4X4 MT CD,-201850
IFA-627,Purchase of VW-POLO 1.0 MPI,-54000
UKB-460,Purchase of TOYOTA-HILUX CD 4X4 STANDART,-162366
ONK-618,Purchase of DUSTER OROCH EXPRESS 1.6 SCE,-88606
VYE-690,Purchase of HYUNDAI-HB20 1.6 COMFORT,-65000
WKI-309,Purchase of JEEP-RENEGADE SPORT 1.8 FLEX,-75000
NVR-598,Purchase of CHEVROLET-ONIX LT 1.0 FLEX,-58000
QAZ-383,Purchase of FIAT-MOBI LIKE 1.0 FLEX,-48000
AHT-658,Purchase of TOYOTA-COROLLA XEi 2.0 FLEX,-90000
OWA-130,Purchase of HILUX CS DSL 4X4,-262854
QAQ-183,Purchase of NISSAN-VERSA SV 1.6 FLEX,-67000
RVX-982,Purchase of SAVEIRO CS RB MPI,-82245
IPE-396,Purchase of GM-S10 CABINE SIMPLES,-175555
WSZ-631,Purchase of MITSUBISHI-L200 TRITON GL 2.4 D 4X4 MT CD,-201850
EYB-301,Purchase of VW-GOL TREND 1.6 FLEX 4P,-34083
VCR-694,Purchase of FIAT-NOVA STRADA ENDURANCE CS 1.4,-81702
ZMM-600,Purchase of DUSTER OROCH EXPRESS 1.6 SCE,-88606
AJF-870,Purchase of JEEP-RENEGADE SPORT 1.8 FLEX,-75000
GLY-453,Purchase of NISSAN-VERSA SV 1.6 FLEX,-67000
YZJ-954,Purchase of FIAT - ARGO DRIVE 1.0,-64061
SKD-522,Purchase of VW-POLO 1.0 MPI,-54000
PAP-521,Purchase of TOYOTA-HILUX CD 4X4 STANDART,-162366
LAX-080,Purchase of HILUX CS DSL 4X4,-262854
GAX-364,Purchase of HONDA-CIVIC LX 2.0 FLEX,-95000
JPZ-993,Purchase of TOYOTA-COROLLA XEi 2.0 FLEX,-90000
FUX-809,Purchase of TOYOTA-HILUX CS 4X4,-172298
WJD-977,Purchase of CHEVROLET-ONIX LT 1.0 FLEX,-58000
RQH-685,Purchase of FIAT-MOBI LIKE 1.0 FLEX,-48000
JRH-423,Purchase of FIAT-NOVA STRADA ENDURANCE CS 1.4,-81702
WHD-521,Purchase of TOYOTA-HILUX CS 4X4,-172298
IQF-735,Purchase of MITSUBISHI-L200 TRITON GL 2.4 D 4X4 MT CD,-201850
ZOA-070,Purchase of VW-POLO 1.0 MPI,-54000
IOY-779,Purchase of FIAT-NOVA STRADA ENDURANCE CS 1.4,-81702
LPF-786,Purchase of TOYOTA-HILUX CD 4X4 STANDART,-162366
ZKC-686,Purchase of GM-S10 CABINE SIMPLES,-175555
KNI-058,Purchase of VW-GOL TREND 1.6 FLEX 4P,-34083
ADN-069,Purchase of TOYOTA-HILUX CS 4X4,-172298
EPI-715,Purchase of SAVEIRO CS RB MPI,-82245
HWJ-429,Purchase of CHEVROLET-ONIX LT 1.0 FLEX,-58000
FCV-934,Purchase of FORD-KA SE 1.0 FLEX,-50000
GXF-829,Purchase of NISSAN-VERSA SV 1.6 FLEX,-67000
QEK-963,Purchase of SAVEIRO CS RB MPI,-82245
BPU-441,Purchase of CHEVROLET-ONIX LT 1.0 FLEX,-58000
QUH-153,Purchase of FORD-KA SE 1.0 FLEX,-50000
EEZ-266,Purchase of HILUX CS DSL 4X4,-262854
RNV-021,Purchase of NISSAN-VERSA SV 1.6 FLEX,-67000
VSJ-783,Purchase of DUSTER OROCH EXPRESS 1.6 SCE,-88606
HZX-761,Purchase of FIAT-NOVA STRADA ENDURANCE CS 1.4,-81702
FXQ-872,Purchase of VW-POLO 1.0 MPI,-54000
KJU-398,Purchase of TOYOTA-COROLLA XEi 2.0 FLEX,-90000
AXB-108,Purchase of FIAT-MOBI LIKE 1.0 FLEX,-48000
WZR-355,Purchase of FIAT - ARGO DRIVE 1.0,-64061
IOB-433,Purchase of HILUX CS DSL 4X4,-262854
TZG-053,Purchase of VW-POLO 1.0 MPI,-54000
YDM-840,Purchase of MITSUBISHI-L200 TRITON GL 2.4 D 4X4 MT CD,-201850
DGL-131,Purchase of RENAULT-SANDERO AUTHENTIQUE 1.0 FLEX,-52000
FIU-945,Purchase of GM-S10 CABINE SIMPLES,-175555
BYH-835,Purchase of CHEVROLET-ONIX LT 1.0 FLEX,-58000
HDS-161,Purchase of HONDA-CIVIC LX 2.0 FLEX,-95000
QBG-945,Purchase of VW-GOL TREND 1.6 FLEX 4P,-34083
FWL-432,Purchase of JEEP-RENEGADE SPORT 1.8 FLEX,-75000
TER-012,Purchase of TOYOTA-COROLLA XEi 2.0 FLEX,-90000
TVT-539,Purchase of HYUNDAI-HB20 1.6 COMFORT,-65000
UFA-463,Purchase of FIAT-NOVA STRADA ENDURANCE CS 1.4,-81702
VPK-495,Purchase of FORD-KA SE 1.0 FLEX,-50000
KZR-485,Purchase of VW-GOL TREND 1.6 FLEX 4P,-34083
OKY-653,Purchase of SAVEIRO CS RB MPI,-82245
YFM-949,Purchase of FIAT-MOBI LIKE 1.0 FLEX,-48000
LZE-617,Purchase of NISSAN-VERSA SV 1.6 FLEX,-67000
PDE-183,Purchase of DUSTER OROCH EXPRESS 1.6 SCE,-88606
EXL-770,Purchase of CHEVROLET-ONIX LT 1.0 FLEX,-58000
RGI-952,Purchase of RENAULT-SANDERO AUTHENTIQUE 1.0 FLEX,-52000
ZXT-324,Purchase of TOYOTA-HILUX CS 4X4,-172298
SHF-032,Purchase of FORD-KA SE 1.0 FLEX,-50000
PKR-331,Purchase of HYUNDAI-HB20 1.6 COMFORT,-65000
SNR-793,Purchase of VW-POLO 1.0 MPI,-54000
BPO-360,Purchase of TOYOTA-HILUX CD 4X4 STANDART,-162366
LXL-661,Purchase of FIAT-NOVA STRADA ENDURANCE CS 1.4,-81702
IVF-447,Purchase of HONDA-CIVIC LX 2.0 FLEX,-95000
QUC-525,Purchase of MITSUBISHI-L200 TRITON GL 2.4 D 4X4 MT CD,-201850
JJJ-083,Purchase of TOYOTA-COROLLA XEi 2.0 FLEX,-90000
NCN-939,Purchase of JEEP-RENEGADE SPORT 1.8 FLEX,-75000
ZOP-470,Purchase of SAVEIRO CS RB MPI,-82245
ICH-228,Purchase of GM-S10 CABINE SIMPLES,-175555
IAG-938,Purchase of VW-POLO 1.0 MPI,-54000
NQS-008,Purchase of VW-GOL TREND 1.6 FLEX 4P,-34083
DPR-916,Purchase of RENAULT-SANDERO AUTHENTIQUE 1.0 FLEX,-52000
OAG-665,Purchase of TOYOTA-HILUX CD 4X4 STANDART,-162366
YPE-809,Purchase of FIAT - ARGO DRIVE 1.0,-64061
YZI-269,Purchase of TOYOTA-COROLLA XEi 2.0 FLEX,-90000
DWQ-195,Purchase of TOYOTA-HILUX CS 4X4,-172298
KYC-808,Purchase of DUSTER OROCH EXPRESS 1.6 SCE,-88606
TBZ-711,Purchase of DUSTER OROCH EXPRESS 1.6 SCE,-88606
ZCP-022,Purchase of HYUNDAI-HB20 1.6 COMFORT,-65000
PKT-934,Purchase of VW-GOL TREND 1.6 FLEX 4P,-34083
UOJ-863,Purchase of FIAT-NOVA STRADA ENDURANCE CS 1.4,-81702
WEB-835,Purchase of CHEVROLET-ONIX LT 1.0 FLEX,-58000
XXE-842,Purchase of TOYOTA-HILUX CD 4X4 STANDART,-162366
KQY-369,Purchase of FIAT - ARGO DRIVE 1.0,-64061
YDW-451,Purchase of FIAT-MOBI LIKE 1.0 FLEX,-48000
EFV-300,Purchase of NISSAN-VERSA SV 1.6 FLEX,-67000
VSV-195,Purchase of TOYOTA-HILUX CS 4X4,-172298
FSC-917,Purchase of SAVEIRO CS RB MPI,-82245
NQS-165,Purchase of RENAULT-SANDERO AUTHENTIQUE 1.0 FLEX,-52000
XGF-990,Purchase of FORD-KA SE 1.0 FLEX,-50000
CWI-597,Purchase of MITSUBISHI-L200 TRITON GL 2.4 D 4X4 MT CD,-201850
EAF-012,Purchase of JEEP-RENEGADE SPORT 1.8 FLEX,-75000
JHZ-113,Purchase of RENAULT-SANDERO AUTHENTIQUE 1.0 FLEX,-52000
VAB-989,Purchase of FIAT-MOBI LIKE 1.0 FLEX,-48000
AQY-226,Purchase of TOYOTA-COROLLA XEi 2.0 FLEX,-90000
VHR-145,Purchase of TOYOTA-HILUX CD 4X4 STANDART,-162366
HKP-529,Purchase of GM-S10 CABINE SIMPLES,-175555
PFD-801,Purchase of NISSAN-VERSA SV 1.6 FLEX,-67000
QYD-687,Purchase of CHEVROLET-ONIX LT 1.0 FLEX,-58000
RQR-994,Purchase of MITSUBISHI-L200 TRITON GL 2.4 D 4X4 MT CD,-201850
DMT-008,Purchase of HILUX CS DSL 4X4,-262854
ODU-529,Purchase of GM-S10 CABINE SIMPLES,-175555
EAR-144,Purchase of MITSUBISHI-L200 TRITON GL 2.4 D 4X4 MT CD,-201850
ZYJ-598,Purchase of FORD-KA SE 1.0 FLEX,-50000
HEY-614,Purchase of HONDA-CIVIC LX 2.0 FLEX,-95000
LBO-310,Purchase of TOYOTA-HILUX CD 4X4 STANDART,-162366
SDW-837,Purchase of FIAT - ARGO DRIVE 1.0,-64061
XKK-290,Purchase of TOYOTA-HILUX CS 4X4,-172298
CFA-585,Purchase of RENAULT-SANDERO AUTHENTIQUE 1.0 FLEX,-52000
BJD-024,Purchase of HYUNDAI-HB20 1.6 COMFORT,-65000
SXS-780,Purchase of DUSTER OROCH EXPRESS 1.6 SCE,-88606
VCR-807,Purchase of SAVEIRO CS RB MPI,-82245
YOR-298,Purchase of NISSAN-VERSA SV 1.6 FLEX,-67000
UAM-738,Purchase of TOYOTA-COROLLA XEi 2.0 FLEX,-90000
ESX-619,Purchase of HILUX CS DSL 4X4,-262854
HDT-364,Purchase of GM-S10 CABINE SIMPLES,-175555
JRB-900,Purchase of FORD-KA SE 1.0 FLEX,-50000
KBF-635,Purchase of FIAT-MOBI LIKE 1.0 FLEX,-48000
SAE-994,Purchase of TOYOTA-HILUX CS 4X4,-172298
AQH-866,Purchase of HONDA-CIVIC LX 2.0 FLEX,-95000
RGJ-961,Purchase of DUSTER OROCH EXPRESS 1.6 SCE,-88606
XKI-112,Purchase of SAVEIRO CS RB MPI,-82245
VQV-559,Purchase of FIAT-NOVA STRADA ENDURANCE CS 1.4,-81702
CWX-890,Purchase of JEEP-RENEGADE SPORT 1.8 FLEX,-75000
BRY-083,Purchase of TOYOTA-COROLLA XEi 2.0 FLEX,-90000
SFR-416,Purchase of CHEVROLET-ONIX LT 1.0 FLEX,-58000
TGX-356,Purchase of VW-POLO 1.0 MPI,-54000
HRN-821,Purchase of RENAULT-SANDERO AUTHENTIQUE 1.0 FLEX,-52000
UQO-293,Purchase of FIAT - ARGO DRIVE 1.0,-64061
MLK-403,Purchase of VW-GOL TREND 1.6 FLEX 4P,-34083
GLI-051,Purchase of NISSAN-VERSA SV 1.6 FLEX,-67000
QSC-020,Purchase of DUSTER OROCH EXPRESS 1.6 SCE,-88606
XII-622,Purchase of HYUNDAI-HB20 1.6 COMFORT,-65000
ALD-919,Purchase of HONDA-CIVIC LX 2.0 FLEX,-95000
MCY-904,Purchase of VW-POLO 1.0 MPI,-54000
JMV-635,Purchase of CHEVROLET-ONIX LT 1.0 FLEX,-58000
QKE-936,Purchase of RENAULT-SANDERO AUTHENTIQUE 1.0 FLEX,-52000
PMM-878,Purchase of SAVEIRO CS RB MPI,-82245
VWG-195,Purchase of HILUX CS DSL 4X4,-262854
CIK-118,Purchase of NISSAN-VERSA SV 1.6 FLEX,-67000
UAH-951,Purchase of DUSTER OROCH EXPRESS 1.6 SCE,-88606
ZUP-907,Purchase of FIAT - ARGO DRIVE 1.0,-64061
VBE-242,Purchase of JEEP-RENEGADE SPORT 1.8 FLEX,-75000
JTK-556,Purchase of HYUNDAI-HB20 1.6 COMFORT,-65000
XWZ-412,Purchase of GM-S10 CABINE SIMPLES,-175555
XBY-183,Purchase of NISSAN-VERSA SV 1.6 FLEX,-67000
PJQ-811,Purchase of FIAT - ARGO DRIVE 1.0,-64061
PXP-593,Purchase of CHEVROLET-ONIX LT 1.0 FLEX,-58000
KKK-417,Purchase of SAVEIRO CS RB MPI,-82245
GQC-689,Purchase of RENAULT-SANDERO AUTHENTIQUE 1.0 FLEX,-52000
QAK-353,Purchase of TOYOTA-HILUX CS 4X4,-172298
LFX-593,Purchase of HILUX CS DSL 4X4,-262854
QOY-679,Purchase of VW-GOL TREND 1.6 FLEX 4P,-34083
ZFM-452,Purchase of TOYOTA-COROLLA XEi 2.0 FLEX,-90000
FKQ-396,Purchase of CHEVROLET-ONIX LT 1.0 FLEX,-58000
JEY-666,Purchase of MITSUBISHI-L200 TRITON GL 2.4 D 4X4 MT CD,-201850
IYM-030,Purchase of TOYOTA-HILUX CD 4X4 STANDART,-162366
YMX-739,Purchase of TOYOTA-HILUX CD 4X4 STANDART,-162366
YTR-284,Purchase of CHEVROLET-ONIX LT 1.0 FLEX,-58000
GSX-524,Purchase of TOYOTA-HILUX CS 4X4,-172298
BLY-801,Purchase of FIAT-MOBI LIKE 1.0 FLEX,-48000
ZYV-166,Purchase of VW-GOL TREND 1.6 FLEX 4P,-34083
DRI-662,Purchase of FORD-KA SE 1.0 FLEX,-50000
HSI-012,Purchase of HONDA-CIVIC LX 2.0 FLEX,-95000
WJZ-398,Purchase of RENAULT-SANDERO AUTHENTIQUE 1.0 FLEX,-52000
PHF-823,Purchase of NISSAN-VERSA SV 1.6 FLEX,-67000
XDH-542,Purchase of HYUNDAI-HB20 1.6 COMFORT,-65000
OCV-898,Purchase of FIAT-NOVA STRADA ENDURANCE CS 1.4,-81702
MZW-827,Purchase of GM-S10 CABINE SIMPLES,-175555
CZD-062,Purchase of JEEP-RENEGADE SPORT 1.8 FLEX,-75000
OCQ-922,Purchase of MITSUBISHI-L200 TRITON GL 2.4 D 4X4 MT CD,-201850
FGP-260,Purchase of VW-POLO 1.0 MPI,-54000
VPT-193,Purchase of DUSTER OROCH EXPRESS 1.6 SCE,-88606
FMN-961,Purchase of HYUNDAI-HB20 1.6 COMFORT,-65000
LNS-623,Purchase of FIAT - ARGO DRIVE 1.0,-64061
SZN-425,Purchase of SAVEIRO CS RB MPI,-82245
HUU-180,Purchase of JEEP-RENEGADE SPORT 1.8 FLEX,-75000
XUB-291,Purchase of MITSUBISHI-L200 TRITON GL 2.4 D 4X4 MT CD,-201850
TMI-623,Purchase of HONDA-CIVIC LX 2.0 FLEX,-95000
PMP-668,Purchase of TOYOTA-HILUX CD 4X4 STANDART,-162366
BKR-848,Purchase of VW-POLO 1.0 MPI,-54000
VIK-792,Purchase of HILUX CS DSL 4X4,-262854
ORT-702,Purchase of VW-GOL TREND 1.6 FLEX 4P,-34083
RQO-459,Purchase of NISSAN-VERSA SV 1.6 FLEX,-67000
JIR-508,Purchase of TOYOTA-COROLLA XEi 2.0 FLEX,-90000
JVX-569,Purchase of RENAULT-SANDERO AUTHENTIQUE 1.0 FLEX,-52000
XYW-941,Purchase of FIAT-NOVA STRADA ENDURANCE CS 1.4,-81702
LEJ-363,Purchase of FIAT-MOBI LIKE 1.0 FLEX,-48000
PGT-854,Purchase of TOYOTA-HILUX CS 4X4,-172298
KSM-244,Purchase of VW-POLO 1.0 MPI,-54000
QUF-163,Purchase of DUSTER OROCH EXPRESS 1.6 SCE,-88606
ARW-391,Purchase of FIAT-NOVA STRADA ENDURANCE CS 1.4,-81702
UXF-771,Purchase of TOYOTA-HILUX CD 4X4 STANDART,-162366
WEE-650,Purchase of FORD-KA SE 1.0 FLEX,-50000
MCE-528,Purchase of MITSUBISHI-L200 TRITON GL 2.4 D 4X4 MT CD,-201850
TFS-799,Purchase of SAVEIRO CS RB MPI,-82245
JHN-936,Purchase of VW-GOL TREND 1.6 FLEX 4P,-34083
IRI-402,Purchase of HONDA-CIVIC LX 2.0 FLEX,-95000
JMG-861,Purchase of HILUX CS DSL 4X4,-262854
TIR-029,Purchase of GM-S10 CABINE SIMPLES,-175555
ERJ-130,Purchase of FIAT - ARGO DRIVE 1.0,-64061
TWP-753,Purchase of RENAULT-SANDERO AUTHENTIQUE 1.0 FLEX,-52000
ABW-235,Purchase of HYUNDAI-HB20 1.6 COMFORT,-65000
QNT-444,Purchase of JEEP-RENEGADE SPORT 1.8 FLEX,-75000
MFT-735,Purchase of CHEVROLET-ONIX LT 1.0 FLEX,-58000
HXP-148,Purchase of TOYOTA-HILUX CS 4X4,-172298
IVP-163,Purchase of NISSAN-VERSA SV 1.6 FLEX,-67000
LUQ-629,Purchase of TOYOTA-COROLLA XEi 2.0 FLEX,-90000
VVR-641,Purchase of FIAT-MOBI LIKE 1.0 FLEX,-48000
YNN-224,Purchase of FIAT-NOVA STRADA ENDURANCE CS 1.4,-81702
HQU-994,Purchase of FORD-KA SE 1.0 FLEX,-50000
TXX-886,Purchase of SAVEIRO CS RB MPI,-82245
HYT-015,Purchase of VW-POLO 1.0 MPI,-54000
DCE-760,Purchase of GM-S10 CABINE SIMPLES,-175555
OHK-146,Purchase of TOYOTA-HILUX CS 4X4,-172298
KVU-905,Purchase of DUSTER OROCH EXPRESS 1.6 SCE,-88606
LZV-218,Purchase of JEEP-RENEGADE SPORT 1.8 FLEX,-75000
ZQG-048,Purchase of RENAULT-SANDERO AUTHENTIQUE 1.0 FLEX,-52000
DLS-997,Purchase of FIAT-NOVA STRADA ENDURANCE CS 1.4,-81702
YIF-877,Purchase of HILUX CS DSL 4X4,-262854
LZL-162,Purchase of NISSAN-VERSA SV 1.6 FLEX,-67000
XZD-120,Purchase of TOYOTA-HILUX CD 4X4 STANDART,-162366
YVY-924,Purchase of MITSUBISHI-L200 TRITON GL 2.4 D 4X4 MT CD,-201850
PPF-090,Purchase of CHEVROLET-ONIX LT 1.0 FLEX,-58000
SSA-147,Purchase of TOYOTA-COROLLA XEi 2.0 FLEX,-90000
IQR-865,Purchase of HYUNDAI-HB20 1.6 COMFORT,-65000
BNE-522,Purchase of RENAULT-SANDERO AUTHENTIQUE 1.0 FLEX,-52000
TPY-011,Purchase of HONDA-CIVIC LX 2.0 FLEX,-95000
RDH-430,Purchase of JEEP-RENEGADE SPORT 1.8 FLEX,-75000
LXC-639,Purchase of CHEVROLET-ONIX LT 1.0 FLEX,-58000
GAT-825,Purchase of NISSAN-VERSA SV 1.6 FLEX,-67000
JUN-779,Purchase of SAVEIRO CS RB MPI,-82245
IMN-519,Purchase of HYUNDAI-HB20 1.6 COMFORT,-65000
ATD-542,Purchase of TOYOTA-HILUX CS 4X4,-172298
RJM-491,Purchase of HILUX CS DSL 4X4,-262854
SXJ-701,Purchase of DUSTER OROCH EXPRESS 1.6 SCE,-88606
VKY-114,Purchase of VW-GOL TREND 1.6 FLEX 4P,-34083
ZEA-815,Purchase of VW-POLO 1.0 MPI,-54000
FWK-333,Purchase of FIAT - ARGO DRIVE 1.0,-64061
EBL-544,Purchase of TOYOTA-HILUX CD 4X4 STANDART,-162366
FKX-953,Purchase of HONDA-CIVIC LX 2.0 FLEX,-95000
DBW-438,Purchase of HILUX CS DSL 4X4,-262854
TCJ-294,Purchase of FIAT-MOBI LIKE 1.0 FLEX,-48000
GYA-812,Purchase of FIAT-NOVA STRADA ENDURANCE CS 1.4,-81702
LBO-479,Purchase of VW-POLO 1.0 MPI,-54000
YXE-310,Purchase of VW-GOL TREND 1.6 FLEX 4P,-34083
SOZ-198,Purchase of CHEVROLET-ONIX LT 1.0 FLEX,-58000
NYZ-869,Purchase of NISSAN-VERSA SV 1.6 FLEX,-67000
MSN-957,Purchase of RENAULT-SANDERO AUTHENTIQUE 1.0 FLEX,-52000
JNH-998,Purchase of HONDA-CIVIC LX 2.0 FLEX,-95000
RZM-604,Purchase of DUSTER OROCH EXPRESS 1.6 SCE,-88606
WQT-320,Purchase of HILUX CS DSL 4X4,-262854
SJU-705,Purchase of TOYOTA-COROLLA XEi 2.0 FLEX,-90000
ECA-919,Purchase of HYUNDAI-HB20 1.6 COMFORT,-65000
LGO-821,Purchase of CHEVROLET-ONIX LT 1.0 FLEX,-58000
HCE-630,Purchase of TOYOTA-HILUX CS 4X4,-172298
LDU-000,Purchase of FIAT-NOVA STRADA ENDURANCE CS 1.4,-81702
ZBN-344,Purchase of VW-GOL TREND 1.6 FLEX 4P,-34083
FXU-169,Purchase of GM-S10 CABINE SIMPLES,-175555
KGJ-718,Purchase of FORD-KA SE 1.0 FLEX,-50000
TBL-900,Purchase of FIAT-MOBI LIKE 1.0 FLEX,-48000
YFB-253,Purchase of TOYOTA-HILUX CD 4X4 STANDART,-162366
RRC-433,Purchase of FIAT - ARGO DRIVE 1.0,-64061
IJH-631,Purchase of JEEP-RENEGADE SPORT 1.8 FLEX,-75000
BEH-526,Purchase of SAVEIRO CS RB MPI,-82245
QES-534,Purchase of NISSAN-VERSA SV 1.6 FLEX,-67000
CQK-327,Purchase of DUSTER OROCH EXPRESS 1.6 SCE,-88606
TXA-431,Purchase of VW-GOL TREND 1.6 FLEX 4P,-34083
DKV-998,Purchase of TOYOTA-HILUX CS 4X4,-172298
PCX-128,Purchase of GM-S10 CABINE SIMPLES,-175555
NTG-470,Purchase of HONDA-CIVIC LX 2.0 FLEX,-95000
DAI-576,Purchase of HILUX CS DSL 4X4,-262854
GLP-498,Purchase of SAVEIRO CS RB MPI,-82245
GNF-310,Purchase of FIAT - ARGO DRIVE 1.0,-64061
SXI-725,Purchase of HYUNDAI-HB20 1.6 COMFORT,-65000
GLF-556,Purchase of VW-POLO 1.0 MPI,-54000
TUF-728,Purchase of CHEVROLET-ONIX LT 1.0 FLEX,-58000
WAK-320,Purchase of RENAULT-SANDERO AUTHENTIQUE 1.0 FLEX,-52000
FIF-849,Purchase of TOYOTA-COROLLA XEi 2.0 FLEX,-90000
LJB-303,Purchase of JEEP-RENEGADE SPORT 1.8 FLEX,-75000
JAU-487,Purchase of NISSAN-VERSA SV 1.6 FLEX,-67000
VFC-802,Purchase of MITSUBISHI-L200 TRITON GL 2.4 D 4X4 MT CD,-201850
UQK-682,Purchase of TOYOTA-HILUX CD 4X4 STANDART,-162366
DSU-536,Purchase of TOYOTA-HILUX CS 4X4,-172298
GNK-475,Purchase of FIAT-NOVA STRADA ENDURANCE CS 1.4,-81702
LZW-973,Purchase of HYUNDAI-HB20 1.6 COMFORT,-65000
XFO-768,Purchase of RENAULT-SANDERO AUTHENTIQUE 1.0 FLEX,-52000
ONV-268,Purchase of VW-GOL TREND 1.6 FLEX 4P,-34083
BKE-279,Purchase of GM-S10 CABINE SIMPLES,-175555
CGV-636,Purchase of HILUX CS DSL 4X4,-262854
RKL-496,Purchase of NISSAN-VERSA SV 1.6 FLEX,-67000
BWQ-921,Purchase of FORD-KA SE 1.0 FLEX,-50000
UTW-890,Purchase of TOYOTA-COROLLA XEi 2.0 FLEX,-90000
VRF-020,Purchase of TOYOTA-HILUX CD 4X4 STANDART,-162366
ZBD-463,Purchase of FIAT - ARGO DRIVE 1.0,-64061
TKG-165,Purchase of JEEP-RENEGADE SPORT 1.8 FLEX,-75000
OMT-318,Purchase of SAVEIRO CS RB MPI,-82245
KAD-680,Purchase of HONDA-CIVIC LX 2.0 FLEX,-95000
UIS-001,Purchase of CHEVROLET-ONIX LT 1.0 FLEX,-58000
PSS-662,Purchase of DUSTER OROCH EXPRESS 1.6 SCE,-88606
MVO-815,Purchase of FIAT-MOBI LIKE 1.0 FLEX,-48000
IDQ-963,Purchase of MITSUBISHI-L200 TRITON GL 2.4 D 4X4 MT CD,-201850
LXV-929,Purchase of VW-POLO 1.0 MPI,-54000
DCK-805,Purchase of FIAT - ARGO DRIVE 1.0,-64061
GBT-297,Purchase of FIAT-NOVA STRADA ENDURANCE CS 1.4,-81702
SCM-445,Purchase of SAVEIRO CS RB MPI,-82245
XNS-157,Purchase of FIAT-MOBI LIKE 1.0 FLEX,-48000
HKL-706,Purchase of TOYOTA-HILUX CS 4X4,-172298
BCC-468,Purchase of HYUNDAI-HB20 1.6 COMFORT,-65000
QIN-350,Purchase of CHEVROLET-ONIX LT 1.0 FLEX,-58000
QMV-673,Purchase of FORD-KA SE 1.0 FLEX,-50000
XIP-438,Purchase of HONDA-CIVIC LX 2.0 FLEX,-95000
XZQ-815,Purchase of NISSAN-VERSA SV 1.6 FLEX,-67000
MCV-458,Purchase of VW-GOL TREND 1.6 FLEX 4P,-34083
DCL-636,Purchase of MITSUBISHI-L200 TRITON GL 2.4 D 4X4 MT CD,-201850
AEA-185,Purchase of TOYOTA-COROLLA XEi 2.0 FLEX,-90000
YJJ-388,Purchase of HILUX CS DSL 4X4,-262854
SGS-309,Purchase of FIAT-NOVA STRADA ENDURANCE CS 1.4,-81702
YKS-391,Purchase of SAVEIRO CS RB MPI,-82245
RYJ-409,Purchase of RENAULT-SANDERO AUTHENTIQUE 1.0 FLEX,-52000
JRD-874,Purchase of FIAT - ARGO DRIVE 1.0,-64061
XDA-277,Purchase of DUSTER OROCH EXPRESS 1.6 SCE,-88606
YTI-185,Purchase of GM-S10 CABINE SIMPLES,-175555
BDI-126,Purchase of TOYOTA-HILUX CD 4X4 STANDART,-162366
TKM-490,Purchase of JEEP-RENEGADE SPORT 1.8 FLEX,-75000
OBN-354,Purchase of TOYOTA-HILUX CS 4X4,-172298
ADT-793,Purchase of VW-POLO 1.0 MPI,-54000
WSB-336,Purchase of FIAT-MOBI LIKE 1.0 FLEX,-48000
NES-450,Purchase of FIAT - ARGO DRIVE 1.0,-64061
OSD-735,Purchase of HONDA-CIVIC LX 2.0 FLEX,-95000
DBV-866,Purchase of GM-S10 CABINE SIMPLES,-175555
TYR-728,Purchase of NISSAN-VERSA SV 1.6 FLEX,-67000
WHI-982,Purchase of DUSTER OROCH EXPRESS 1.6 SCE,-88606
YCJ-746,Purchase of RENAULT-SANDERO AUTHENTIQUE 1.0 FLEX,-52000
CEZ-571,Purchase of JEEP-RENEGADE SPORT 1.8 FLEX,-75000
WAT-635,Purchase of FIAT-MOBI LIKE 1.0 FLEX,-48000
YKE-800,Purchase of FORD-KA SE 1.0 FLEX,-50000
ENP-718,Purchase of VW-GOL TREND 1.6 FLEX 4P,-34083
VVC-548,Purchase of CHEVROLET-ONIX LT 1.0 FLEX,-58000
MUH-785,Purchase of HYUNDAI-HB20 1.6 COMFORT,-65000
QFE-212,Purchase of FIAT-NOVA STRADA ENDURANCE CS 1.4,-81702
ULU-277,Purchase of NISSAN-VERSA SV 1.6 FLEX,-67000
WGU-914,Purchase of MITSUBISHI-L200 TRITON GL 2.4 D 4X4 MT CD,-201850
YWD-841,Purchase of GM-S10 CABINE SIMPLES,-175555
MYZ-224,Purchase of MITSUBISHI-L200 TRITON GL 2.4 D 4X4 MT CD,-201850
BAG-037,Purchase of FIAT - ARGO DRIVE 1.0,-64061
JYI-828,Purchase of RENAULT-SANDERO AUTHENTIQUE 1.0 FLEX,-52000
QSX-523,Purchase of HILUX CS DSL 4X4,-262854
QWY-758,Purchase of JEEP-RENEGADE SPORT 1.8 FLEX,-75000
PYB-546,Purchase of VW-POLO 1.0 MPI,-54000
MUO-348,Purchase of HYUNDAI-HB20 1.6 COMFORT,-65000
DCF-682,Purchase of GM-S10 CABINE SIMPLES,-175555
CMI-048,Purchase of NISSAN-VERSA SV 1.6 FLEX,-67000
PYT-146,Purchase of DUSTER OROCH EXPRESS 1.6 SCE,-88606
BGA-888,Purchase of TOYOTA-COROLLA XEi 2.0 FLEX,-90000
EOD-681,Purchase of FORD-KA SE 1.0 FLEX,-50000
AGF-519,Purchase of SAVEIRO CS RB MPI,-82245
IJY-194,Purchase of VW-GOL TREND 1.6 FLEX 4P,-34083
AAZ-192,Purchase of TOYOTA-HILUX CS 4X4,-172298
WMS-622,Purchase of FIAT-MOBI LIKE 1.0 FLEX,-48000
FOZ-959,Purchase of HONDA-CIVIC LX 2.0 FLEX,-95000
MFZ-775,Purchase of TOYOTA-HILUX CD 4X4 STANDART,-162366
